Video ID,Title,Cluster ID,Cluster Size,Canvas X,Canvas Y,Distance from Centroid,Embedding Dimensions,Word Coverage (%),Top Cluster Words,Embedding Dim 1,Embedding Dim 2,Embedding Dim 3,Embedding Dim 4
0a-o9DZumjE,$30B Founder: How To Rank #1 In ChatGPT,0,24,612.24,314.02,0.566,384,100,"free, made, chatgpt, seo, insane",0.007,-0.02,-0.02,-0.062
Asg1e_IYzR8,Midjourney + ChatGPT-4 = INSANE Prompts and Images!,0,24,478.15,419.7,0.568,384,100,"free, made, chatgpt, seo, insane",-0.039,0.02,-0.02,-0.044
VfNRd5Rk0cM,This app made over $1M,0,24,526.79,255.6,0.576,384,100,"free, made, chatgpt, seo, insane",-0.022,-0.043,0.014,-0.084
WTF5qphyy8w,ChatGPT Tutorial: 35 Tips I Wish I Knew Sooner,0,24,577.03,498.59,0.576,384,100,"free, made, chatgpt, seo, insane",-0.005,0.05,0.016,-0.03
tCo2FVA7tMc,The DR100 FREE Parasite SEO Site (FINAL BOSS)  - BIP641,0,24,363.92,309.29,0.592,384,100,"free, made, chatgpt, seo, insane",-0.079,-0.022,0.027,-0.024
N89ERI6WXgE,I made over $10k spamming Reddit‚Ä¶here‚Äôs my SOP - BIP635,0,24,504.24,305.38,0.601,384,100,"free, made, chatgpt, seo, insane",-0.03,-0.024,-0.01,-0.057
7xIrGl2EZb4,Schema Is Useless for LLMs: The SEO Lie That‚Äôs Finally Exposed,0,24,563.8,260.99,0.604,384,100,"free, made, chatgpt, seo, insane",-0.009,-0.04,0.001,-0.018
gI0zQMZoqEs,"How ""Free"" P*rn Sites Really Work (and Who Runs Them)",0,24,387.86,336.84,0.612,384,100,"free, made, chatgpt, seo, insane",-0.071,-0.012,-0.03,-0.015
Px_X-qBQ18M,Apps make $50K/mo like THIS (I shouldn't share this),0,24,521.65,285.51,0.615,384,100,"free, made, chatgpt, seo, insane",-0.024,-0.031,-0.015,-0.079
3u6Qg3VPr1c,How to rank ANY Website #1 in 2025 (HACKS INSIDE) - BIP639,0,24,461.11,100.02,0.621,384,100,"free, made, chatgpt, seo, insane",-0.045,-0.102,0.013,-0.031
I-m4HSjptAM,How To Make Popular Paid Apps For FREE,0,24,438.72,360.19,0.623,384,100,"free, made, chatgpt, seo, insane",-0.053,-0.003,-0.009,-0.09
pZ9HZu4qFWY,Local SEO in 2025: What Actually Works (w/ Joy Hawkins),0,24,463.8,192.69,0.628,384,100,"free, made, chatgpt, seo, insane",-0.044,-0.066,0.025,0.017
N2HQhTbZUdY,Meta Connect 2025: Everything Revealed in 12 Minutes,0,24,449.98,291.05,0.63,384,100,"free, made, chatgpt, seo, insane",-0.049,-0.029,0.028,-0.035
F8i0kkrQ8_o,How We Built It: $900K Open Source SaaS,0,24,578.52,234.5,0.638,384,100,"free, made, chatgpt, seo, insane",-0.004,-0.051,-0.071,-0.1
khC0rYaQqGk,GPT-4 First Impression - A New Era Begins?,0,24,589.31,375.11,0.652,384,100,"free, made, chatgpt, seo, insane",-0.001,0.003,0.006,-0.038
X6t3CVafuec,YTCracker - Bazaar,0,24,537.47,313.75,0.653,384,100,"free, made, chatgpt, seo, insane",-0.019,-0.02,0.042,0.009
RDaM4H1bbog,"advise tips and tutorial on CLIPSHIFT, IN DEPTH GUIDE WITH live and street performance",0,24,562.6,252,0.658,384,100,"free, made, chatgpt, seo, insane",-0.01,-0.044,0.068,-0.015
fvCYqh7qcmg,10 Ways to Use NotebookLM‚Äôs Insane New FREE Features,0,24,324.49,369.42,0.675,384,100,"free, made, chatgpt, seo, insane",-0.093,0.001,0.006,-0.025
GVkHvwjNaTg,Unlock WeChat Pay as a Foreigner: Now with Apple Pay - Step-by-Step Guide!,0,24,487.47,346.07,0.696,384,100,"free, made, chatgpt, seo, insane",-0.036,-0.008,0.003,-0.046
6fydRj2ZT9s,I Went Viral on YouTube Shorts to Prove It's Not Luck,0,24,466.92,446.47,0.702,384,100,"free, made, chatgpt, seo, insane",-0.043,0.03,-0.023,-0.009
-XANgmgylyE,DONT be a Digital Nomad Until You Watch This (Brutally Honest Reality),0,24,539.65,478.34,0.703,384,100,"free, made, chatgpt, seo, insane",-0.018,0.042,0.002,-0.047
pfSFnFWb8X4,This Machine Made Me Younger (Insane Results),0,24,497.38,358.67,0.719,384,100,"free, made, chatgpt, seo, insane",-0.033,-0.003,0.048,0.001
H4Qog494fl4,"ChatGPT Can Now Call the Cops, but 'Wait till 2100 for Full Job Impact' - Altman",0,24,372.01,523.1,0.728,384,100,"free, made, chatgpt, seo, insane",-0.077,0.059,-0.015,-0.07
uFqfinPwAvA,The M4 MacBook Air Has Caused an Identity Crisis...,0,24,720.98,457.3,0.746,384,100,"free, made, chatgpt, seo, insane",0.046,0.034,-0.043,-0.038
MF-Y18rQBFU,"$20 vs $1000 in Guangzhou, China! üá®üá≥",1,11,593.54,172.05,0.556,384,100,"much, china, market, alanya, world",0.001,-0.074,0.02,0.016
H5ZK8tGAvEk,"What $49,000 Buys You in Melaka MALAYSIA (so peaceful!)",1,11,510.63,318.42,0.629,384,100,"much, china, market, alanya, world",-0.028,-0.019,0.017,-0.061
Te0-_ooibbM,$3000 Thai Hair Transplant!! Was This a Mistake??,1,11,600.17,147.53,0.653,384,100,"much, china, market, alanya, world",0.003,-0.084,0.017,0.001
A81nOfqMV5E,ALANYA GRAND BAZAAR 2024 I ALANYA  FAKE MARKET ANTALYA SHOPPING CENTER ! TURKEY HOLIDAY TRAVEL 4K,1,11,648.73,260.23,0.664,384,100,"much, china, market, alanya, world",0.02,-0.041,0.025,0.036
mHBuhtcYHrE,24 -Hour Spas in China are Life changing! üá®üá≥,1,11,673.83,417.74,0.667,384,100,"much, china, market, alanya, world",0.029,0.019,0.052,0.072
dc9T9POb50A,Michael Saylor on Bitcoin $100k to $13M and MicroStrategy‚Äôs Monster Run,1,11,477.56,250.25,0.672,384,100,"much, china, market, alanya, world",-0.04,-0.045,-0.024,-0.036
SvDRhXyIwzc,Asking Amsterdam: How much do you make?,1,11,643.62,207.65,0.68,384,100,"much, china, market, alanya, world",0.018,-0.061,0,-0.082
UG9DJZ8bHkA,Young Brides for Sale - Roma Marriage Market in Bulgaria,1,11,554.71,309.13,0.703,384,100,"much, china, market, alanya, world",-0.013,-0.022,-0.017,0.023
g0A_OxIX338,How Much Did Roman Slaves Cost?,1,11,516.09,393.76,0.729,384,100,"much, china, market, alanya, world",-0.026,0.01,0.051,-0.02
W0XQhV-H3_E,"U.S. ‚ÄòDebt Tsunami‚Äô Will Force Fed to Negative Rates, Push Gold to $8,000 | Brien Lundin",1,11,537.45,166.85,0.762,384,100,"much, china, market, alanya, world",-0.019,-0.076,-0.026,0.067
BzW_XHZwXXU,World champs Tang Jie-Ee Wei off to winning start in Shenzhen,1,11,473.7,442.26,0.768,384,100,"much, china, market, alanya, world",-0.041,0.029,0.034,-0.057
vLwjlMkhG_o,You WON‚ÄôT KNOW Until You GO! Dating Asian Girls,2,21,480.05,319.62,0.522,384,100,"girls, dating, philippines, thai, women",-0.039,-0.018,0.045,0.001
FADyFhV4yT4,Bangkok‚Äôs SECRET Foreign Speed Dating Club,2,21,538.93,438.88,0.558,384,100,"girls, dating, philippines, thai, women",-0.018,0.027,0.019,0.003
8cHtDdW5W_o,The Surprising Differences Between Viet and Thai Dating !!,2,21,486.92,515.25,0.582,384,100,"girls, dating, philippines, thai, women",-0.036,0.056,0.01,-0.006
XRj8-w848Yo,Thai Girls vs Western Women (5 FACTS YOU MUST KNOW),2,21,468.96,314.7,0.615,384,100,"girls, dating, philippines, thai, women",-0.043,-0.02,0.053,0.02
R3aYVF3p-js,Renting a Girlfriend in the Philippines: happy endings and caregivers with benefits,2,21,545.81,474.8,0.615,384,100,"girls, dating, philippines, thai, women",-0.016,0.041,0.051,-0.027
c_jsTkuFs3Q,12 Rookie Dating Mistakes in the Philippines (THE REAL LIST),2,21,453.48,402.9,0.629,384,100,"girls, dating, philippines, thai, women",-0.048,0.014,0.047,-0.032
ETF6x4HF5Dk,Foreigner Met 100+ Thai Girls INSTANTLY,2,21,578.23,429.49,0.63,384,100,"girls, dating, philippines, thai, women",-0.004,0.024,0.071,-0.029
TIfWY2g-CQg,Why You Should Date Younger Filipinas: ripe mangos get picked,2,21,476.77,378.88,0.633,384,100,"girls, dating, philippines, thai, women",-0.04,0.004,0.011,-0.025
QPwE27KwNeQ,"How We Date, Find Love and Marry at ‚àí71¬∞C (‚àí95¬∞F) Yakutsk, Siberia",2,21,573.05,401.28,0.643,384,100,"girls, dating, philippines, thai, women",-0.006,0.013,0.019,0.062
CdMtxDHT0DI,THIS Is #1 FASTEST Way To Attract Beautiful Women,2,21,563.88,364.36,0.657,384,100,"girls, dating, philippines, thai, women",-0.009,-0.001,0.018,0.019
n_uN7F9LFu8,Asian Girls Make Philippines Passport Bros Heaven,2,21,488.14,308.33,0.661,384,100,"girls, dating, philippines, thai, women",-0.036,-0.022,0.068,-0.122
LvGgYcpSi8U,What is An Attractive Man? Ireland 1967,2,21,478.08,473.87,0.664,384,100,"girls, dating, philippines, thai, women",-0.039,0.041,0.016,-0.016
QfzO-AuAhsM,Is India safe for women? üáÆüá≥ My honest travel experience,2,21,781.53,287.91,0.672,384,100,"girls, dating, philippines, thai, women",0.067,-0.03,-0.028,0.004
m0UCVyLASyA,How to Count Thai Numbers  - Your Key to Easy Market Shopping!üáπüá≠,2,21,490.61,151.13,0.679,384,100,"girls, dating, philippines, thai, women",-0.035,-0.082,0.039,-0.026
i0_zlcFZFMU,Why So Many Girls Love Bali Beaches,2,21,705.16,421.18,0.681,384,100,"girls, dating, philippines, thai, women",0.04,0.021,0.015,-0.026
UkKNdefL1A8,Korean Girls Meet Adult Movie Star For The First Time,2,21,464.33,572.91,0.682,384,100,"girls, dating, philippines, thai, women",-0.044,0.078,0.051,-0.095
9d3Mj22pWEI,Can You Keep Up With A Younger Woman In The Philippines?,2,21,452.6,369.4,0.682,384,100,"girls, dating, philippines, thai, women",-0.048,0.001,0.021,-0.03
x3lypVnJ0HM,Why Men Get So Few Matches on Dating Apps,2,21,489.59,547.31,0.697,384,100,"girls, dating, philippines, thai, women",-0.035,0.069,-0.034,-0.056
uyYGhB7UaQQ,My Phuket Girlfriend‚Äôs Serenity Mask Hid a Ruthless Scam Network!,2,21,648.04,468.15,0.698,384,100,"girls, dating, philippines, thai, women",0.02,0.038,-0.036,-0.02
FuVaGzJ4V3g,70 Year Old Escort On Her Strangest Requests | Honesty Box,2,21,597.65,502.55,0.725,384,100,"girls, dating, philippines, thai, women",0.002,0.051,-0.018,-0.034
de9xDBRt6IM,I Own a Lady Bar and This is How They Lie to You,2,21,678.72,361.47,0.731,384,100,"girls, dating, philippines, thai, women",0.031,-0.002,0.053,0.033
mD4GbGmvNRc,StarCraft - Terran Theme 1,3,18,408.77,432.7,0.458,384,100,"starcraft, terran, theme, war, world",-0.064,0.025,0.042,-0.047
BpriWjC-9ks,"Starcraft 2 Soundtrack HQ all Protoss Themes 01 - 05 (""extended"" version)",3,18,362.37,427.21,0.465,384,100,"starcraft, terran, theme, war, world",-0.08,0.023,0.07,-0.041
7mCUoUaQsLE,StarCraft 1 Terran Theme Compilation | StarCraft + StarCraft: Brood War OST,3,18,323.1,451.83,0.472,384,100,"starcraft, terran, theme, war, world",-0.094,0.032,0.036,-0.05
2BiiqC3SD24,Terran Two,3,18,341.11,413.06,0.533,384,100,"starcraft, terran, theme, war, world",-0.087,0.017,0.027,-0.042
qtg7rd9yUWI,Terran One,3,18,418.11,384.06,0.537,384,100,"starcraft, terran, theme, war, world",-0.06,0.006,0.06,-0.045
IwGFRg3zhlg,Dimensius' Theme (Favorite Parts) - Music of WoW The War Within 11.2: Ghosts of K'aresh,3,18,321.63,366.21,0.547,384,100,"starcraft, terran, theme, war, world",-0.094,0,-0.002,-0.019
X0v5nTI5Q-k,StarCraft 2 (RuFF Highlight): Mech Ferry,3,18,480.79,343.19,0.549,384,100,"starcraft, terran, theme, war, world",-0.039,-0.009,0.014,-0.061
vxa2HS9hs-s,Dearest Helena - Starcraft II Soundtrack Supercut,3,18,351.57,433.38,0.565,384,100,"starcraft, terran, theme, war, world",-0.084,0.025,0.06,-0.092
OqsYiQYpYTc,The War Within Patch 11.2.0 Music - Dimensius,3,18,323.97,236.69,0.574,384,100,"starcraft, terran, theme, war, world",-0.093,-0.05,0.06,-0.045
CnQm2_cAZvo,Main Title Terminator 2 Theme (Remastered 2017),3,18,488.25,326.87,0.61,384,100,"starcraft, terran, theme, war, world",-0.036,-0.015,0.018,-0.044
IjhC5oH4rmI,Mortal Kombat Syndrome (Edit),3,18,348.09,334.05,0.644,384,100,"starcraft, terran, theme, war, world",-0.085,-0.013,0.056,0.007
2Sb94BZtz3A,World of Warcraft Dance Origins,3,18,331.18,513.02,0.654,384,100,"starcraft, terran, theme, war, world",-0.091,0.055,0.02,-0.036
kj7mV6mmYTg,World of Warcraft: Midnight Already Has One Big Problem,3,18,433.36,437.88,0.658,384,100,"starcraft, terran, theme, war, world",-0.055,0.027,0.011,0.008
iGKFpG9LueY,Supernova Swag,3,18,365.66,345.6,0.667,384,100,"starcraft, terran, theme, war, world",-0.079,-0.008,-0.049,-0.064
oSOQpnWlYU4,I Remade Star Wars VFX in 1 Week,3,18,336.07,290.22,0.674,384,100,"starcraft, terran, theme, war, world",-0.089,-0.029,0.049,-0.076
PztubKJWeBg,PANCINGAN PENJEBOL BIR4HI SRDC MALAS BUNYI - sikatan rimba dada coklat (cyornis olivacea),3,18,614.77,382.48,0.676,384,100,"starcraft, terran, theme, war, world",0.008,0.006,0.056,-0.02
trQZFMziIRI,Overseer - Skylight,3,18,476.91,414.14,0.694,384,100,"starcraft, terran, theme, war, world",-0.04,0.018,-0.04,-0.027
fVLfRVXrWN8,PAS delegates unanimously approve resolution to lead PN in GE16,3,18,606.95,554.04,0.821,384,100,"starcraft, terran, theme, war, world",0.006,0.071,0.01,-0.055
kvcfO_-p6YE,What We Just Found on Mars,4,8,468.9,505.83,0.516,384,100,"mars, two, found, cops, confirm",-0.043,0.053,0.042,-0.025
sIUqvXSSAxw,"Rock found on Mars could be evidence of ancient life, NASA says",4,8,569.84,541.26,0.62,384,100,"mars, two, found, cops, confirm",-0.007,0.066,0.053,0.05
-HojSvdYYCs,Elon Musk shares 'tentative' Mars game plan in SpaceX update at Starbase,4,8,439.9,430.74,0.65,384,100,"mars, two, found, cops, confirm",-0.053,0.024,0.056,0.012
lIRW8bfy4kE,Amazon Just Launched Its Zoox Robotaxis In Las Vegas And We Took A Ride,4,8,520.2,352.72,0.663,384,100,"mars, two, found, cops, confirm",-0.025,-0.006,0.074,0.027
USmu0scNcSs,What I Wish Everyone Knew About Cancer,4,8,459.75,385.1,0.681,384,100,"mars, two, found, cops, confirm",-0.046,0.007,0.025,-0.003
q5RujbQW_PU,"‚ÄúI Was Born With Two Vaginas, Two Uteruses and Two Cervixes‚Äù | Listen Up | ABC Science",4,8,585.55,528.02,0.684,384,100,"mars, two, found, cops, confirm",-0.002,0.061,-0.009,0.026
1PVnVmtl8ZI,India's Acid Attack Survivors | Close Up,4,8,577.94,454.33,0.724,384,100,"mars, two, found, cops, confirm",-0.005,0.033,-0.001,0.054
a4erIXkWT2k,Cops confirm probe into UM student group president,4,8,566.69,453.92,0.805,384,100,"mars, two, found, cops, confirm",-0.008,0.033,0.017,-0.065
cg6mWuIthto,"3,890,000 THB ($113,000) Brand New Apartment in Chiang Mai, Thailand",5,12,621.18,279.26,0.461,384,100,"thailand, thb, condo, new, brand",0.011,-0.034,0.019,0.061
C3CpIr5s6Dc,"3,790,000 THB ($104,000) Brand New Duplex Condo in Bangkok, Thailand",5,12,553.28,279.9,0.463,384,100,"thailand, thb, condo, new, brand",-0.013,-0.033,0.012,0.033
acD4OcFNczw,"3,900,000 THB ($113,000) Pre-Sale Condo in Pattaya, Thailand",5,12,658.14,231.5,0.468,384,100,"thailand, thb, condo, new, brand",0.024,-0.052,0.007,0.001
YZwDztIwW1c,"3,390,000 THB ($100,000) Brand New Home in Chiang Mai, Thailand",5,12,719.54,382.04,0.47,384,100,"thailand, thb, condo, new, brand",0.045,0.006,0.022,0.051
PqncNLhY0UU,"6,990,000 THB ($192,000) New Condo with Infinity Pool & Sky View in Bangkok, Thailand",5,12,648.78,179.35,0.487,384,100,"thailand, thb, condo, new, brand",0.02,-0.072,0.024,-0.008
fzBwhlp_t9w,"4,500,000 THB ($129,000) Mountain View Condo for Sale in Chiang Mai, Thailand",5,12,630.67,301.79,0.495,384,100,"thailand, thb, condo, new, brand",0.014,-0.025,0.002,0.03
7PC11X6g6d4,"4,590,000 THB ($133,000) New Oceanfront Apartment in Pattaya, Thailand",5,12,578.09,273.15,0.515,384,100,"thailand, thb, condo, new, brand",-0.004,-0.036,-0.017,-0.025
zRBIjSIizmk,Married couple move to Thailand! - Inside their $430 month Condo,5,12,512.04,323.13,0.522,384,100,"thailand, thb, condo, new, brand",-0.028,-0.017,-0.019,-0.015
XFtLUOU_R4o,"3,899,000 THB ($120,000) Villa for Sale in Hua Hin, Thailand",5,12,582.42,422.33,0.563,384,100,"thailand, thb, condo, new, brand",-0.003,0.021,0.008,0.033
wvJM3Y8v1bY,Retired  Couple Scouting Bangkok: Airbnb Condo Tour $219: Rooftop Pool & Skyline Views Near,5,12,409.52,269.91,0.58,384,100,"thailand, thb, condo, new, brand",-0.063,-0.037,-0.006,-0.004
iONkfdri2lQ,The Smart Home | Luxury 3 & 4BHK House for Sale in Coimbatore - Casagrand Villas | Epi-234,5,12,598.93,445.46,0.689,384,100,"thailand, thb, condo, new, brand",0.003,0.03,0.004,0.036
kUH4x6Uqxcw,PALAU HOUSING PROJECT,5,12,613.95,518.8,0.746,384,100,"thailand, thb, condo, new, brand",0.008,0.058,-0.033,-0.017
oIDsvIQ0UvM,"The 'new China' in Thailand: ‚Äòif you want hope, you have to leave‚Äô",6,31,542.32,358.13,0.48,384,100,"thailand, china, vietnam, foreigners, singapore",-0.017,-0.004,0.036,0.015
4Nh_JtC1dQs,Are Tourists Ruining Thailand? (The Ugly Truth),6,31,669.41,260.64,0.565,384,100,"thailand, china, vietnam, foreigners, singapore",0.027,-0.041,0.047,0.034
ehr_YQFOyp4,Vietnam VS Thailand! ‚úÖ True opinions From Foreign Tourists,6,31,593.35,342.64,0.567,384,100,"thailand, china, vietnam, foreigners, singapore",0.001,-0.009,0.034,0.004
NscBEwh0FmA,The Harsh Truth Behind Thailand's Tourism Collapse,6,31,658.96,342.53,0.587,384,100,"thailand, china, vietnam, foreigners, singapore",0.024,-0.009,0.061,0.031
pqx9JjJCbI0,Why Do People Even Come To Thailand Anymore? üáπüá≠üáÆüá≥,6,31,639.75,261.57,0.588,384,100,"thailand, china, vietnam, foreigners, singapore",0.017,-0.04,0.055,-0.017
eGPZKbAWHvc,82% of Western Expats in Thailand Lose EVERYTHING ‚Äì Here‚Äôs Why,6,31,524.38,392.83,0.609,384,100,"thailand, china, vietnam, foreigners, singapore",-0.023,0.01,0.046,0.008
v7AYyUqrMuQ,China‚Äôs Vanishing Muslims: Undercover In The Most Dystopian Place In The World,6,31,545.84,548.81,0.613,384,100,"thailand, china, vietnam, foreigners, singapore",-0.016,0.069,-0.029,0.022
RjoF2jxgCFo,Why are so many expats leaving Thailand?,6,31,625.54,353.19,0.628,384,100,"thailand, china, vietnam, foreigners, singapore",0.012,-0.005,0.076,-0.051
3O47_hIL7Bk,18 Years in China ‚Äî Here‚Äôs the Truth They Never Told You,6,31,639.52,526.75,0.632,384,100,"thailand, china, vietnam, foreigners, singapore",0.017,0.061,0.056,0.017
8PJEO_OnOKA,"Hua Hin Trip, Too Many Foreigners in Thailand, and Finding a Job in Bangkok | ONIB Ep. 043",6,31,455.33,381.89,0.637,384,100,"thailand, china, vietnam, foreigners, singapore",-0.047,0.006,-0.002,-0.028
-XEEQSmszNw,He Left Thailand for Vietnam. Here's Why.,6,31,452.49,504.36,0.646,384,100,"thailand, china, vietnam, foreigners, singapore",-0.048,0.052,0.037,-0.062
mzc0aw1_MOE,"Why foreigners fell in love with Nanjing, China",6,31,626.33,518,0.649,384,100,"thailand, china, vietnam, foreigners, singapore",0.012,0.057,0.013,-0.016
rkLM0QjEeBU,No One in China Can Own a Home - Chinese Government Takes Away Land - Episode #212,6,31,485.55,426.54,0.657,384,100,"thailand, china, vietnam, foreigners, singapore",-0.037,0.023,0.01,-0.044
JYMaTcpvTEQ,The Real China Nobody Shows You (Chongqing‚Äôs Slum),6,31,563.6,472.07,0.658,384,100,"thailand, china, vietnam, foreigners, singapore",-0.01,0.04,-0.027,0.037
xTh_CXB1cyo,Marriage in Vietnam Becomes Foreigner‚Äôs WORST NIGHTMARE! (it‚Äôs INSANE!),6,31,558.93,544.42,0.658,384,100,"thailand, china, vietnam, foreigners, singapore",-0.011,0.067,-0.024,-0.02
tG02cfXToJE,Why are Foreigners Leaving Japan?,6,31,602.61,330,0.659,384,100,"thailand, china, vietnam, foreigners, singapore",0.004,-0.014,0.039,-0.054
zo1e7XUWkME,THE HISTORY OF THAILAND in 10 minutes,6,31,427.64,498.63,0.661,384,100,"thailand, china, vietnam, foreigners, singapore",-0.057,0.05,0.086,-0.039
Vvck2e-I4LY,Why the US & China both Need Indonesia,6,31,483.73,411.41,0.663,384,100,"thailand, china, vietnam, foreigners, singapore",-0.038,0.017,0.042,-0.049
eCXu5oOerEs,Australian took me inside a factory in Thailand‚Ä¶ not what BBC shows you,6,31,804.17,482.37,0.663,384,100,"thailand, china, vietnam, foreigners, singapore",0.075,0.044,0.022,0.006
8Cn9wA_g1-w,"Ex-PM Jailed, Gloomy Polls & Hotels Slash Prices - What's Happening in Thailand Now",6,31,499.88,483.95,0.667,384,100,"thailand, china, vietnam, foreigners, singapore",-0.032,0.044,0.035,0.017
hBprIviM6hE,Why the US & China both Need Vietnam,6,31,444.39,360.26,0.669,384,100,"thailand, china, vietnam, foreigners, singapore",-0.051,-0.003,0.002,-0.045
6ChpNKLTGSs,The BBC Contacted Me‚Ä¶ Then Lied About Thailand | Why Brits Have Had Enough,6,31,717.43,422.29,0.669,384,100,"thailand, china, vietnam, foreigners, singapore",0.044,0.021,0.054,-0.009
EJAN1xjwbSY,Why I‚Äôm Living in China and Never Moving Back to America | What‚Äôs It Like Living in China?,6,31,612.1,429.21,0.674,384,100,"thailand, china, vietnam, foreigners, singapore",0.007,0.024,0.043,0.048
HszvvoUTofg,The Most Dangerous Trade in the World Is Unraveling ‚Äì Bert Dohmen,6,31,585.23,261.42,0.69,384,100,"thailand, china, vietnam, foreigners, singapore",-0.002,-0.04,-0.023,0.008
vduX5uIwpb4,Santorini: Magical Island or Overcrowded Nightmare?,6,31,760.07,258.37,0.7,384,100,"thailand, china, vietnam, foreigners, singapore",0.059,-0.041,0.029,-0.019
i3mFIpv_iCc,I Visited World's Largest AI Show...You Won't Believe What China Did,6,31,621.56,411.37,0.705,384,100,"thailand, china, vietnam, foreigners, singapore",0.011,0.017,0.037,-0.01
XwMnLpfSpgw,How Singapore Built a Stable Society,6,31,564.25,549.83,0.709,384,100,"thailand, china, vietnam, foreigners, singapore",-0.009,0.069,0.001,-0.076
cqDvnmMswXA,How Chinese Luckin Is Taking On Starbucks In the U.S.,6,31,524.87,230.15,0.711,384,100,"thailand, china, vietnam, foreigners, singapore",-0.023,-0.052,-0.024,-0.012
-emtuVSvds4,Is Instagram ruining #Bali? | Foreign Correspondent,6,31,745.63,369.83,0.72,384,100,"thailand, china, vietnam, foreigners, singapore",0.054,0.001,-0.031,0.006
c628UgLVXBc,"Singapore PM's UNUSUAL Warning To Islamists; 'Won't Tolerate, Our Country...' | Singapore Election",6,31,571.41,626.08,0.781,384,100,"thailand, china, vietnam, foreigners, singapore",-0.007,0.099,-0.062,-0.017
0s2brw_AypM,PM: Malaysia to continue driving economic growth without neglecting human values,6,31,517.81,641.59,0.837,384,100,"thailand, china, vietnam, foreigners, singapore",-0.026,0.104,-0.001,-0.021
SXImOlFUGYo,Feralas - Original Wow Music,7,8,328.17,409.48,0.517,384,100,"music, ambience, world, warcraft, classic",-0.092,0.016,0.031,0.009
KyHl1YQH7xI,The Barrens - Music & Ambience | World of Warcraft Classic,7,8,521.14,419.23,0.522,384,100,"music, ambience, world, warcraft, classic",-0.024,0.02,0.028,0.011
9fWeZxI2SDQ,"Vanilla Stranglethorn Vale - Music & Ambience (3 hours, World of Warcraft Classic)",7,8,462.52,452.63,0.538,384,100,"music, ambience, world, warcraft, classic",-0.045,0.032,0.019,-0.017
wuCJnwaXkNo,ARCADIA - EL DIABLO (Lyrics),7,8,513.38,427.14,0.568,384,100,"music, ambience, world, warcraft, classic",-0.027,0.023,0.072,0.036
M3CjnabPQyg,Yiddish Song From the Shtetl,7,8,552.06,391.9,0.576,384,100,"music, ambience, world, warcraft, classic",-0.014,0.009,-0.005,-0.019
IszwCA6vFMU,Gogol Bordello - Baro Foro (Live From Axis Mundi),7,8,585.1,394.44,0.595,384,100,"music, ambience, world, warcraft, classic",-0.002,0.01,0.063,0.003
GD3VsesSBsw,Carmina Burana ~ O Fortuna | Carl Orff ~ Andr√© Rieu,7,8,659.42,488.96,0.61,384,100,"music, ambience, world, warcraft, classic",0.024,0.046,0.015,0.029
KCNOe7s1lD0,Chateau,7,8,557.34,372.64,0.656,384,100,"music, ambience, world, warcraft, classic",-0.012,0.002,0.028,-0.006
IuD38mqTRQ4,Bossa Nova Covers 2025 ‚Äì Chill Versions of Popular Songs,8,7,348,443.25,0.322,384,100,"bossa, nova, covers, songs, jazz",-0.085,0.029,0.071,-0.031
3TZjm5EhuPE,Bossa Nova Covers 2025 ‚Äì Calm Bossa Nova Jazz for Focus and Relaxation,8,7,378.05,422.35,0.338,384,100,"bossa, nova, covers, songs, jazz",-0.074,0.021,0.08,-0.006
6hgFZSM8IRM,The Best Bossa Nova Cover 2025 üçíüéßRelax & Unwind Jazz in Summer Mood [ ùíìùíÜùíçùíÇùíô ùíîùíñùíéùíéùíÜùíì ùíãùíÇùíõùíõ ],8,7,305.38,367.1,0.345,384,100,"bossa, nova, covers, songs, jazz",-0.1,0,0.066,-0.009
oc7rkVTuNCY,Bossa Nova Jazz Cover Songs ‚òïBest Bossa Nova Relaxing Songs ‚òïNew Bossa Nova Music 2024,8,7,382.9,388.55,0.353,384,100,"bossa, nova, covers, songs, jazz",-0.073,0.008,0.034,-0.033
WOp6tkfnnUY,Sunset Bossa Nova Covers 2025 üçÇ‚òïChill Romantic Bossa Jazz For Unwind [ ùíîùíñùíèùíîùíÜùíï ùíÇùíñùíïùíñùíéùíè ùíãùíÇùíõùíõ ],8,7,373.14,385.34,0.36,384,100,"bossa, nova, covers, songs, jazz",-0.076,0.007,0.051,-0.006
JP9EU2FuLFM,Bossa Nova Covers Of Popular Songs 100 Hits - Bossa Nova 2025,8,7,395.21,458.57,0.401,384,100,"bossa, nova, covers, songs, jazz",-0.068,0.035,0.042,-0.03
1bBAx4nMt2o,"Bossa Nova Music - Best Bossa Nova Covers of Popular Songs for Study, Work & Deep Focus ‚òÄÔ∏èüå¥",8,7,460.44,453.64,0.46,384,100,"bossa, nova, covers, songs, jazz",-0.046,0.033,0.025,-0.013
tg3WPnqjXuY,Visa & Entry Rules for Thailand in 2025: What Visitors and Expats Need to Know,9,23,418.23,293.59,0.456,384,100,"thailand, visa, guide, vietnam, tips",-0.06,-0.028,0.078,-0.045
SpltfzbAm-I,Thailand Golden Visa 2025 - Why Now is the Perfect Time to Apply,9,23,428.9,382.35,0.528,384,100,"thailand, visa, guide, vietnam, tips",-0.057,0.006,0.074,-0.021
KYCggx5kfnM,TRAVEL LIKE A PRO! 25 ESSENTIAL Tips for VIETNAM in 2025,9,23,471.15,343.16,0.557,384,100,"thailand, visa, guide, vietnam, tips",-0.042,-0.009,0.047,-0.036
_z_vJq2L_rQ,Vietnam E-Visa Guide 2025:  Approved on Your First Try,9,23,332.49,358.11,0.56,384,100,"thailand, visa, guide, vietnam, tips",-0.09,-0.004,0.051,-0.061
mdxim7L23iA,üá≤üáæ RAW Opinions Of Foreign Travelers  ‚ö†Ô∏è No Holding Back - Malaysia 2025,9,23,537.13,468.58,0.564,384,100,"thailand, visa, guide, vietnam, tips",-0.019,0.039,0.019,-0.034
UCMKjUwbvew,Thailand Digital Arrival Card (TDAC) 2025 ‚Äì Complete Step-by-Step Guide,9,23,424.33,336.71,0.575,384,100,"thailand, visa, guide, vietnam, tips",-0.058,-0.012,0.081,-0.025
lblhN-1RfAA,Thailand Elite Visa (Privilege Card): Worth it in 2025?,9,23,397.84,299.15,0.576,384,100,"thailand, visa, guide, vietnam, tips",-0.068,-0.026,0.042,-0.045
KQV8nyYzX0U,"Before you get a ""Special"" Massage in Thailand... Watch This (2025)",9,23,499.9,341.05,0.576,384,100,"thailand, visa, guide, vietnam, tips",-0.032,-0.01,0.091,-0.014
lYB5xlcnhIE,MASSIVE Vietnam Visa Update 2025 NOBODY Expected! (WHY??),9,23,338.24,324.6,0.583,384,100,"thailand, visa, guide, vietnam, tips",-0.088,-0.016,0.01,-0.056
apAq188bHII,"Bali Airport Arrival Guide 2025 - How to Get Through Immigration, Visa and Transport",9,23,594.3,286.22,0.595,384,100,"thailand, visa, guide, vietnam, tips",0.001,-0.031,0.06,0
qqEhF2SwaZo,Vietnam Visa Guide - Online Application Walkthrough 2024,9,23,417.28,336.83,0.601,384,100,"thailand, visa, guide, vietnam, tips",-0.061,-0.012,-0.003,-0.051
FRekeV8luNY,Buy Gold in Thailand 2025: Practical Tips For First Time Gold Buyers Living in Thailand,9,23,640.88,285.79,0.607,384,100,"thailand, visa, guide, vietnam, tips",0.017,-0.031,0.085,0.045
Ipkf1YOz02Q,The 3-Day Rule in Pattaya ‚ÄúWhat Every Newcomer Should Know!‚Äù,9,23,544.78,325.26,0.613,384,100,"thailand, visa, guide, vietnam, tips",-0.016,-0.016,0.007,0.017
XgwA5N23kXQ,Do THIS While Traveling Indonesia  üáÆüá©,9,23,623.49,373.04,0.624,384,100,"thailand, visa, guide, vietnam, tips",0.011,0.002,0.055,-0.042
XdWKFhth5uM,Pattaya Guide for First Timers (save MONEY & TIME!),9,23,559.15,256.04,0.628,384,100,"thailand, visa, guide, vietnam, tips",-0.011,-0.042,0.006,-0.001
QOfQ07ltLK0,Before You Touch a Freelancer in Pattaya‚Ä¶ Watch This (2025),9,23,460.09,284.28,0.64,384,100,"thailand, visa, guide, vietnam, tips",-0.046,-0.032,0.004,-0.062
-SyZiTpiwzI,Top 5 Thai Visas for Americans | Moving to Thailand,9,23,501.57,211.04,0.641,384,100,"thailand, visa, guide, vietnam, tips",-0.031,-0.059,0.029,-0.038
1n4Ow2cn6Q4,Best things to do in Ho Chi Minh City in 2025,9,23,554.57,428.28,0.643,384,100,"thailand, visa, guide, vietnam, tips",-0.013,0.023,0.09,-0.048
7ghagJHVJFM,No Plural Words in Thai? What Expats Need to Know,9,23,573.28,307.81,0.651,384,100,"thailand, visa, guide, vietnam, tips",-0.006,-0.023,0.062,-0.031
PsYC75bxdUc,Phuket Is Not The Same in 2025: What's it like now | Josh On The Move,9,23,483.3,333.95,0.657,384,100,"thailand, visa, guide, vietnam, tips",-0.038,-0.013,0.015,-0.021
NWfZxZu01w8,Moving Abroad Mailbox & Residency | Essential Expat Tips,9,23,521.01,402.02,0.662,384,100,"thailand, visa, guide, vietnam, tips",-0.024,0.013,0.098,-0.029
IaXubylipg4,Malaysia Day 2025 grand finale in Penang a spectacle of unity and patriotism,9,23,563.24,601.7,0.679,384,100,"thailand, visa, guide, vietnam, tips",-0.01,0.089,0.098,-0.064
Sq3WlvFaP8M,How to Receive Verification Codes Overseas (Like Bank SMS Texts),9,23,543.35,412.97,0.703,384,100,"thailand, visa, guide, vietnam, tips",-0.017,0.017,-0.021,-0.075
BigolJfoANw,Bear McCreary - All Along The Watch Tower (With Cylon Intro),10,20,428.23,265.33,0.62,384,100,"batman, scene, robin, grace, jones",-0.057,-0.039,0.004,-0.07
Tc1IphRx1pk,Grace Jones - Pull Up To The Bumper,10,20,396.6,314.72,0.638,384,100,"batman, scene, robin, grace, jones",-0.068,-0.02,-0.003,0.009
-f5f9jmigQQ,Battle on Ice | Batman & Robin,10,20,262.06,460.58,0.651,384,100,"batman, scene, robin, grace, jones",-0.115,0.036,-0.006,0.023
CxYdbFdpXxs,Catch My Breath,10,20,383.85,322.27,0.659,384,100,"batman, scene, robin, grace, jones",-0.072,-0.017,0.03,-0.01
6POZlJAZsok,Just the Two of Us (feat. Bill Withers),10,20,453.23,344.23,0.662,384,100,"batman, scene, robin, grace, jones",-0.048,-0.009,-0.011,-0.049
nIN3IE3DHqc,Grace Jones - I've Seen That Face Before (Libertango),10,20,476.24,315.77,0.667,384,100,"batman, scene, robin, grace, jones",-0.04,-0.02,0.03,0.024
tgFcTX-ciZM,I Am Salahudin | Kingdom of Heaven Powerful Scene,10,20,466.45,449.16,0.68,384,100,"batman, scene, robin, grace, jones",-0.044,0.031,0,-0.082
4FKan5xqv6s,Creating Bane | Batman & Robin,10,20,290.38,525.13,0.686,384,100,"batman, scene, robin, grace, jones",-0.105,0.06,-0.006,-0.014
RZ8D28gvkjc,Scooter - Fire,10,20,478.26,418.83,0.688,384,100,"batman, scene, robin, grace, jones",-0.039,0.02,0.044,-0.098
91RNHqiO7pY,20 People Confront a Billionaire (ft. John Morgan),10,20,566.28,562.11,0.688,384,100,"batman, scene, robin, grace, jones",-0.009,0.074,-0.031,-0.051
BXmEJL1mnuU,It Had To Be You,10,20,476.07,253.28,0.702,384,100,"batman, scene, robin, grace, jones",-0.04,-0.043,0.035,-0.04
a6J22rj18BI,Red Alert 3 Intro (Russian),10,20,403.56,209.78,0.708,384,100,"batman, scene, robin, grace, jones",-0.066,-0.06,-0.029,0.03
aR9bxhmcS_Q,Batman Family vs Mr. Freeze & Bane | Batman & Robin,10,20,300.62,628.46,0.709,384,100,"batman, scene, robin, grace, jones",-0.102,0.099,-0.067,0.019
hfhrHLxrhGk,The Trio Visit Hogsmeade | Half-Blood Prince,10,20,606.88,468.24,0.712,384,100,"batman, scene, robin, grace, jones",0.006,0.038,-0.013,-0.008
sEY2HYJXMnQ,Meet Hagrid's Half-Brother Grawp | Full Scene | Harry Potter and the Order of the Phoenix,10,20,449.33,537.05,0.712,384,100,"batman, scene, robin, grace, jones",-0.05,0.065,0.024,-0.073
jtAmFKaThNE,Rob Dougan - Furious Angels,10,20,440.52,365.85,0.714,384,100,"batman, scene, robin, grace, jones",-0.053,-0.001,0.009,-0.045
2uDTrB8Y_ks,Taylor Kitsch on His Intense Training for Lone Survivor,10,20,491.76,518.59,0.717,384,100,"batman, scene, robin, grace, jones",-0.035,0.058,0.047,-0.042
znmw_lOWnaA,Karkaroff exposes Barty Crouch Jr. | Full Scene | Harry Potter and the Goblet of Fire,10,20,492.52,525.16,0.72,384,100,"batman, scene, robin, grace, jones",-0.034,0.06,0.026,0.003
VPVSck6yo1M,Foundation ‚Äî Demerzel: Behind the Scenes with Laura Birn | Apple TV+,10,20,390.89,469.72,0.735,384,100,"batman, scene, robin, grace, jones",-0.07,0.039,0.045,0.03
SzEMPKFxMgk,This Mercedes-Benz 190 E is the Ultimate Classic Daily,10,20,542.16,627.55,0.815,384,100,"batman, scene, robin, grace, jones",-0.017,0.099,0.039,-0.008
5cVGKvl7Oek,Meta Ray-Ban Display hands-on: best smart glasses I‚Äôve ever tried,11,16,570.66,405.23,0.533,384,100,"pro, review, glasses, iphone, new",-0.007,0.014,0.023,-0.036
M2o-3UOhq3Q,"XREAL One Pro Review: The BEST 171"" AR Display Yet",11,16,409.14,383.89,0.549,384,100,"pro, review, glasses, iphone, new",-0.064,0.006,0.049,-0.002
X763A7yGh5E,iPhone 17 Pro Max Review - Even BETTER Than You Think!,11,16,404.86,334.99,0.569,384,100,"pro, review, glasses, iphone, new",-0.065,-0.012,0.024,-0.039
CJqVbuY563Q,Ray-Ban Meta Smart Glasses 1 YEAR LATER,11,16,490.69,330.35,0.577,384,100,"pro, review, glasses, iphone, new",-0.035,-0.014,0.046,-0.057
GB0b6KFZVq0,AirPods Pro 3 Review: I Understand It Now!,11,16,404.03,240.59,0.579,384,100,"pro, review, glasses, iphone, new",-0.065,-0.048,0.013,0.002
0_zzNj7JTrA,Meta Celeste (Hypernova) AR Glasses & New Ray-Bans Expected Soon!,11,16,375.92,346.71,0.582,384,100,"pro, review, glasses, iphone, new",-0.075,-0.008,0.018,0.006
L2uXAC8vBnU,AirPods Pro 3 Review - Awesome,11,16,421.76,279.77,0.583,384,100,"pro, review, glasses, iphone, new",-0.059,-0.033,-0.001,-0.006
bpqrCoy0ZHc,iPhone 17 Pro & Pro Max Review For Photographers!,11,16,439.16,334.61,0.589,384,100,"pro, review, glasses, iphone, new",-0.053,-0.012,0.008,-0.019
NTKC-LExZlI,I Tested Meta's Ray-Ban Display Glasses,11,16,417.5,428.62,0.594,384,100,"pro, review, glasses, iphone, new",-0.061,0.023,0.038,-0.014
kAlAIOum0JA,macOS Tahoe (26) is AMAZING! Do these 10 things FIRST!,11,16,611.75,503.61,0.637,384,100,"pro, review, glasses, iphone, new",0.007,0.052,0.031,-0.037
rRcL45PDFPg,macOS 26 Tahoe is Out! - What's New?,11,16,551.93,419.41,0.649,384,100,"pro, review, glasses, iphone, new",-0.014,0.02,0.021,-0.021
Qs0i779s7go,The App Store is Now Pay-to-Play,11,16,356.42,272.84,0.681,384,100,"pro, review, glasses, iphone, new",-0.082,-0.036,0.018,-0.034
817otOU_5Lw,Selling The iPhone 15 For $15..,11,16,539.69,238.75,0.686,384,100,"pro, review, glasses, iphone, new",-0.018,-0.049,0,-0.032
HwvHJT7wHlo,The Best 18‚Äù Gaming Laptop - Lenovo Legion 9i (2025) Review,11,16,437.68,401.73,0.708,384,100,"pro, review, glasses, iphone, new",-0.054,0.013,0.023,-0.028
cbD2LWnDCIc,iOS 26: 26 New Features for Apple‚Äôs New iPhone Software Update | WSJ,11,16,423.91,289.87,0.726,384,100,"pro, review, glasses, iphone, new",-0.058,-0.029,0.017,0.028
_MqEeW2OyBM,Are These the Coolest Glasses Ever Made?,11,16,486.75,459.37,0.734,384,100,"pro, review, glasses, iphone, new",-0.036,0.035,0.09,-0.019
kSxBQEz5e2w,"Charlie Kirk can't be accused of hate speech, 'they just hated his speech': Pastor Rob McCoy",12,20,633.77,599.2,0.578,384,100,"charlie, kirk, kimmel, nazi, cant",0.015,0.088,-0.011,-0.012
ZtDcPbkc85s,People Are Underwhelmed With Charlie Kirk Shooter Investigation So Far... What Doesn't Add Up To Me,12,20,417.42,489.75,0.597,384,100,"charlie, kirk, kimmel, nazi, cant",-0.061,0.047,-0.049,-0.035
HRZRqL-Xgs4,Charlie Kirk vs. Feminist: Are We Still Living in a Patriarchy? üò≥,12,20,514.16,407.5,0.63,384,100,"charlie, kirk, kimmel, nazi, cant",-0.027,0.015,-0.021,0.018
WpiDnlPlErs,"Masked ""Cracker"" Almost Passes Out When Exposed For Radical Racism",12,20,595.2,448.22,0.643,384,100,"charlie, kirk, kimmel, nazi, cant",0.002,0.031,-0.032,0.065
5YAyoE-8PC4,Charlie Kirk Gets a College Student to Admit THE TRUTH on Immigration,12,20,556.96,517.31,0.644,384,100,"charlie, kirk, kimmel, nazi, cant",-0.012,0.057,0.007,-0.022
NQbe1rZN7_w,Kimmel SUSPENDED After Terrible Charlie Kirk Assassination Take,12,20,611.97,560.99,0.654,384,100,"charlie, kirk, kimmel, nazi, cant",0.007,0.074,0.013,-0.008
i2BZSJc8Y2M,WATCH: Charlie Kirk‚Äôs alleged killer makes first court appearance,12,20,350.86,403.4,0.654,384,100,"charlie, kirk, kimmel, nazi, cant",-0.084,0.014,-0.013,-0.036
GoFsc62V2Qo,Charlie Kirk Expertly Debates Why Israel CAN'T Live Under Muslim Rule,12,20,350.24,551.61,0.663,384,100,"charlie, kirk, kimmel, nazi, cant",-0.084,0.07,-0.042,0.019
JOZf5LdKFH8,Charlie Kirk Gives Only Fans Girl A Reality Check,12,20,546,517.22,0.664,384,100,"charlie, kirk, kimmel, nazi, cant",-0.016,0.057,0.086,-0.033
2X7FMBpg7fs,"UNTHINKABLE: Charlie Kirk, 31, Assassinated",12,20,543.2,470.37,0.67,384,100,"charlie, kirk, kimmel, nazi, cant",-0.017,0.039,-0.024,-0.021
bgnWcTIr050,The ONE Question at Oxford That Charlie Kirk Didn‚Äôt See Coming‚Ä¶ üî•,12,20,537.59,499.82,0.672,384,100,"charlie, kirk, kimmel, nazi, cant",-0.019,0.05,-0.016,-0.022
A8UwMCeD6jU,Actual Nazi Struggling To Stand Out Now That Everyone's A Nazi,12,20,573.72,574.74,0.677,384,100,"charlie, kirk, kimmel, nazi, cant",-0.006,0.079,-0.018,0.021
R0uA5A9EehA,TERROR NETWORK? More Suspects May Be Coming in Kirk Assassination‚Ä¶,12,20,489.06,371.64,0.679,384,100,"charlie, kirk, kimmel, nazi, cant",-0.036,0.002,-0.069,0.021
4oGTz6DPkUc,Celebrities and media members OUTRAGED by Kimmel suspension,12,20,632.85,577.16,0.692,384,100,"charlie, kirk, kimmel, nazi, cant",0.015,0.08,0.002,-0.019
iGIc8ygpHKw,Rainbow Clad Trans Activists Won't Stop Yelling Nonsense at Me,12,20,624.34,373.6,0.704,384,100,"charlie, kirk, kimmel, nazi, cant",0.012,0.002,0.034,0.029
4qzy6x0uZyI,BREAKING: Leavitt Castigates Journalists To Their Faces Over Lack Of Iryna Zarutska Killing Coverage,12,20,615.68,497.35,0.705,384,100,"charlie, kirk, kimmel, nazi, cant",0.009,0.049,-0.061,0.052
nMyyVaiY4V8,'Our Genocide': How do Israelis feel about the war in Gaza? | On the Ground,12,20,445.98,525.7,0.72,384,100,"charlie, kirk, kimmel, nazi, cant",-0.051,0.06,-0.022,0.036
I-djA41Meu0,Sen. Fetterman: Extreme labels are 'cheapening our language',12,20,595.57,472.75,0.727,384,100,"charlie, kirk, kimmel, nazi, cant",0.002,0.04,-0.017,0.012
4BAdDzupVUE,Bill O'Reilly: Trump Hatred 'Consumed' Jimmy Kimmel,12,20,595.19,446.75,0.745,384,100,"charlie, kirk, kimmel, nazi, cant",0.002,0.03,-0.01,0.019
UdiMxEP6r6E,"Sasha Nezlobin: ""MY KID THINKS WE ARE POOR"" | RU Subs",12,20,477.47,430.5,0.781,384,100,"charlie, kirk, kimmel, nazi, cant",-0.04,0.024,-0.014,-0.001
QriTdwboAJA,"Pros and Cons of Retiring in Da Nang, Vietnam @TravisTravelsVN",13,16,484.79,473.12,0.452,384,100,"vietnam, da, nang, living, cost",-0.037,0.04,-0.011,-0.04
N3_b-BLS-aU,Cost to Retire in Da Nang Vietnam,13,16,464.69,442.55,0.463,384,100,"vietnam, da, nang, living, cost",-0.044,0.029,-0.002,-0.085
bnG06Mn5g2E,"Cost of living in Da Nang, Vietnam (Realistic Budget in the World's Cheapest Country)",13,16,605.86,459.91,0.484,384,100,"vietnam, da, nang, living, cost",0.005,0.035,0.021,-0.069
e7n1hlamGVU,Da Nang VIETNAM Cost of Living in 2025 (Insights for Couples),13,16,477.68,449.6,0.503,384,100,"vietnam, da, nang, living, cost",-0.04,0.031,0.038,-0.074
FhAuKdQUfDI,"How he lives on $500/mo and restarted his life in Da Nang, Vietnam",13,16,483.09,570.2,0.505,384,100,"vietnam, da, nang, living, cost",-0.038,0.077,0.023,-0.059
KZDgeLqySDg,"Living WELL on $1000/month in World's CHEAPEST Country (Da Nang, Vietnam)",13,16,598.38,397.95,0.505,384,100,"vietnam, da, nang, living, cost",0.003,0.012,0.001,-0.038
aZ9_hkjEGR8,"Why this Korean guy spent $230,000 on a house in Da Nang, Vietnam",13,16,662.69,567.67,0.516,384,100,"vietnam, da, nang, living, cost",0.025,0.076,0.034,-0.077
d4Zonc9tj2A,Why He Left Bangkok for Da Nang Vietnam | Condo Tour + $1500/mo Lifestyle,13,16,552.57,459.52,0.516,384,100,"vietnam, da, nang, living, cost",-0.013,0.035,0.037,-0.074
g1ouHlxSpTE,Would You Live Here for $600? 10 Years in a Vietnam Beach Town,13,16,548.78,298.96,0.522,384,100,"vietnam, da, nang, living, cost",-0.015,-0.026,-0.026,-0.028
hW4E5Mk4DI0,"Why you should NEVER retire in Da Nang, Vietnam. ",13,16,606.17,508.29,0.531,384,100,"vietnam, da, nang, living, cost",0.005,0.054,0.006,-0.053
v6_D8Q3gcrY,Pros & Cons after 1 year in a VIETNAM Beach Town,13,16,609.19,321.08,0.564,384,100,"vietnam, da, nang, living, cost",0.006,-0.018,-0.003,-0.019
JmkBaOP068E,20 BEST Reasons NOT To RETIRE in Vietnam,13,16,489,516.01,0.602,384,100,"vietnam, da, nang, living, cost",-0.036,0.057,-0.008,-0.029
TcSGQ3Pm5XE,"MTViet Cribs - New house in Da Nang, Vietnam",13,16,564.01,505.51,0.603,384,100,"vietnam, da, nang, living, cost",-0.009,0.053,0.037,-0.055
bdBf8_ABCFg,Girlie Bars in Saigon 2025 ‚Äì Full Guide to Surviving Vietnam‚Äôs Nightlife Jungle,13,16,480.62,363.1,0.648,384,100,"vietnam, da, nang, living, cost",-0.039,-0.002,0.117,-0.04
FukFEQ4vcGQ,"Ho Chi Minh City Travel Vlog üáªüá≥ Cafes, shopping, local food in District 1 Saigon, Vietnam",13,16,685.3,315.96,0.688,384,100,"vietnam, da, nang, living, cost",0.033,-0.02,0.062,-0.03
Txk84xYScvk,Can Foreigners Ride Motorbikes in Vietnam LEGALLY?,13,16,445.95,403.69,0.715,384,100,"vietnam, da, nang, living, cost",-0.051,0.014,0.003,-0.095
bI6QIuR3F3I,UROLOGIST: Does prostate massage have any health or PLEASURE benefits? | Men's Health,14,7,643.79,318.6,0.485,384,100,"urologist, health, disc, dribble, prostate",0.019,-0.019,0.053,0.018
8Eso3odgJlo,A Urologist answers: Does prostate massage have any health benefits?,14,7,663.64,246.1,0.494,384,100,"urologist, health, disc, dribble, prostate",0.025,-0.046,0.049,0.017
ZYhZMsvBWSU,Science proves that ejaculating more often reduces your risk of CANCER?! A Urologist explains,14,7,734.48,516.64,0.533,384,100,"urologist, health, disc, dribble, prostate",0.05,0.057,0.034,0.009
k9Uoniw9Byk,Why men have urinary dribble and what to do about it! | After Dribble,14,7,528.77,441.13,0.578,384,100,"urologist, health, disc, dribble, prostate",-0.022,0.028,0.026,-0.02
qOwdupIlQDM,Is pulling out an effective way to prevent pregnancy? Is precum safe?!,14,7,653.45,349.45,0.636,384,100,"urologist, health, disc, dribble, prostate",0.022,-0.007,-0.012,0.027
9215PU26cdw,Can you take Sildenafil or Tadalafil just ‚Äúfor fun?‚Äù! | ED Medications,14,7,530.74,421.6,0.688,384,100,"urologist, health, disc, dribble, prostate",-0.021,0.021,0.065,-0.007
kpVGIvL-PLQ,"Herniated Disc, Bulging Disc, Paralysis | Lower Back Pain",14,7,635.67,332.21,0.726,384,100,"urologist, health, disc, dribble, prostate",0.016,-0.013,0.048,0.005
BF_x3QueXSw,Prometheus/Alien - Deleted Engineer Dialogues: What Was Left Behind the Scenes,15,27,544.92,526.3,0.556,384,100,"clip, alien, scene, hd, xmen",-0.016,0.061,0.004,-0.058
3krbNv1eBMY,"X-MEN: DAYS OF FUTURE PAST Clip - ""Sentinels"" (2014) Sci-Fi",15,27,372.07,381.58,0.57,384,100,"clip, alien, scene, hd, xmen",-0.077,0.005,-0.004,-0.003
gpU1qfG1GOQ,Skyline: Inside the alien spaceship (HD CLIP),15,27,490.3,343.71,0.613,384,100,"clip, alien, scene, hd, xmen",-0.035,-0.009,0.001,-0.083
x3ioVVNIB9A,Welcome to the Mobile Infantry | Starship Troopers | CLIP üî• 4K,15,27,362.24,385.05,0.616,384,100,"clip, alien, scene, hd, xmen",-0.08,0.007,0.038,-0.071
Rr_KSc9utMM,X-Men Apocalypse- All Powers from the film,15,27,387.53,456.87,0.644,384,100,"clip, alien, scene, hd, xmen",-0.071,0.034,0.031,0.015
zPqdK0E7nvA,Sentry Destroys The Team Scene | THUNDERBOLTS* (2025) Movie CLIP HD,15,27,330.24,320.11,0.651,384,100,"clip, alien, scene, hd, xmen",-0.091,-0.018,0.027,-0.031
a1E_mxgqngI,Prometheus | Young Peter Weyland TED Talk | ALIEN ANTHOLOGY,15,27,677.74,458.81,0.652,384,100,"clip, alien, scene, hd, xmen",0.03,0.035,0.012,-0.024
WW7eMYB_RQ8,X-MEN: FIRST CLASS (2011) Movie Clips + Trailer [HD],15,27,390.71,440.04,0.667,384,100,"clip, alien, scene, hd, xmen",-0.07,0.028,0.007,-0.079
6Efp15NlvJY,Elektromotorroller Xyte One f√ºr helmlose Freiheit @ IAA Mobility 2025 ‚Äì Interview mit Firmengr√ºnder,15,27,443.26,493.94,0.677,384,100,"clip, alien, scene, hd, xmen",-0.052,0.048,0.05,0.004
jMcaB1DZjbQ,Boy Kavalier and Yutani's Tense Negotiation - Scene | Alien: Earth | FX,15,27,536.44,413.06,0.679,384,100,"clip, alien, scene, hd, xmen",-0.019,0.017,0.018,-0.028
fbn-tuYcScI,Falling Into Jupiter (Simulation),15,27,503.93,388.97,0.688,384,100,"clip, alien, scene, hd, xmen",-0.03,0.008,0.002,-0.047
Y0Sjv30bCio,Key moments at House UFO transparency hearing,15,27,591.07,391.63,0.695,384,100,"clip, alien, scene, hd, xmen",0,0.009,-0.007,-0.041
n-X0YD0tYTw,The Best Gun Debate I've Had in Years,15,27,259.04,448.71,0.696,384,100,"clip, alien, scene, hd, xmen",-0.116,0.031,-0.012,-0.051
5KmpT-BoVf4,"Sam Altman on God, Elon Musk and the Mysterious Death of His Former Employee",15,27,495.53,462.55,0.697,384,100,"clip, alien, scene, hd, xmen",-0.033,0.036,-0.004,-0.019
ad5ZSWNnCcQ,Inglourious Basterds (2009): 'How many glasses?' Full Scene,15,27,429.63,356.35,0.699,384,100,"clip, alien, scene, hd, xmen",-0.056,-0.004,-0.04,-0.095
gAipoqRmDW4,The Collapse Is Here: The Final Stage for Fiat | Larry Lepard,15,27,407.19,336.88,0.705,384,100,"clip, alien, scene, hd, xmen",-0.064,-0.012,0.023,-0.011
tvhPHsUj2B8,Biblically Accurate Depictions of Angels Look Like Aliens,15,27,616.51,399.49,0.711,384,100,"clip, alien, scene, hd, xmen",0.009,0.012,-0.003,0.012
6sTeVhoUVI0,Darth Vader CONFRONTS Darth Maul,15,27,404.36,591.5,0.714,384,100,"clip, alien, scene, hd, xmen",-0.065,0.085,-0.043,0.007
FkvTfPmRIc4,Meet The Necromongers | The Chronicles Of Riddick | Science Fiction Station,15,27,382.34,618.58,0.717,384,100,"clip, alien, scene, hd, xmen",-0.073,0.096,0.055,0.003
uM66Bb467nk,Alien: Earth Cast Q&A with Babou Ceesay and Samuel Blenkin | FX,15,27,489.68,573.06,0.721,384,100,"clip, alien, scene, hd, xmen",-0.035,0.078,0.009,-0.006
xZ0xJ6BU2cI,This Week in History: The U.S. Air Force is established and more headlines (Patriot Premium),15,27,470.4,297.05,0.729,384,100,"clip, alien, scene, hd, xmen",-0.042,-0.027,0.014,-0.051
n5M-uMSHZHI,"Fox News Highlights - September 16th, 2025",15,27,534.19,345.14,0.733,384,100,"clip, alien, scene, hd, xmen",-0.02,-0.008,0.008,-0.013
KiFYcuoK490,Physicists are afraid of Eric Weinstein -- and they should be,15,27,475.85,333.28,0.734,384,100,"clip, alien, scene, hd, xmen",-0.04,-0.013,-0.054,0.049
44sgo52Z0MQ,FOUNDATION Season 3 Ending Explained & Season 4 Theories!,15,27,569.32,451,0.742,384,100,"clip, alien, scene, hd, xmen",-0.008,0.032,0.001,0.049
m4Ic6Ox9nl4,Trump's Military Ads VS. Biden's,15,27,592.95,455.29,0.743,384,100,"clip, alien, scene, hd, xmen",0.001,0.033,-0.011,-0.003
pbEdr6Q6cKw,STOP Following OEM Oil Advice (GM Recall Proves Why),15,27,571.99,498.76,0.775,384,100,"clip, alien, scene, hd, xmen",-0.007,0.05,0.009,-0.032
8pNbhaQcyZY,John Zorn - Karaim,15,27,487.91,656.19,0.791,384,100,"clip, alien, scene, hd, xmen",-0.036,0.11,0.08,-0.003
2MN0l3wzie8,How I Retired Early at 40 in Vietnam,16,20,339.14,527.66,0.475,384,100,"vietnam, retired, retire, american, youre",-0.088,0.061,0.006,-0.07
BPXgPqSrOv8,Retire Abroad Da Nang Vietnam at Age 50,16,20,436.01,396.03,0.508,384,100,"vietnam, retired, retire, american, youre",-0.054,0.011,0.01,-0.085
H2YYuSrxY8g,Why We Left Everything in AMERICA To Start Over in VIETNAM,16,20,453.44,479.41,0.573,384,100,"vietnam, retired, retire, american, youre",-0.048,0.043,0.059,-0.053
P6EEOHPWNYc,Retired Early in Da Nang Vietnam: American Veteran Didn't Wait for Social Security!,16,20,442.23,651.97,0.578,384,100,"vietnam, retired, retire, american, youre",-0.052,0.108,-0.022,-0.053
SlNOWGYs2PE,Start Over in Vietnam with $10000 (If I Had to Leave the U.S. Today),16,20,472.53,295.52,0.584,384,100,"vietnam, retired, retire, american, youre",-0.041,-0.027,0.026,-0.028
pkjX_gtvZvk,Expat is Leaving Thailand after 10 years‚Ä¶ for Vietnam?,16,20,491.59,461.95,0.598,384,100,"vietnam, retired, retire, american, youre",-0.035,0.036,0.053,-0.078
de2FyATkzxs,BLACK Expat EXPOSES the TRUTH About Living in VIETNAM! üáªüá≥,16,20,629.63,573.45,0.603,384,100,"vietnam, retired, retire, american, youre",0.014,0.078,0.029,0.003
-W3Bn3fwjsw,"Why he left his job, sold everything, and moved to Vietnam.",16,20,534.92,511.47,0.618,384,100,"vietnam, retired, retire, american, youre",-0.02,0.055,0.029,-0.062
owZaKB_cf98,Our FIRST Time in Vietnam: SO CHEAP It Feels ILLEGAL!,16,20,558.01,366.47,0.62,384,100,"vietnam, retired, retire, american, youre",-0.012,0,0.018,-0.046
Dizi_bTC0Gw,I Bought Vietnam‚Äôs Biggest Scams (so you don‚Äôt have to),16,20,606.11,432.9,0.641,384,100,"vietnam, retired, retire, american, youre",0.005,0.025,0.002,-0.051
om4LeyF_9JE,The REAL Reason You‚Äôre Aging FAST After 40 (Science backed fix),16,20,399.01,469.68,0.641,384,100,"vietnam, retired, retire, american, youre",-0.067,0.039,-0.015,0.007
kBrXSTUKABU,"9 WEIRD Things OK in Vietnam, Totally ILLEGAL in America!!! (SERIOUSLY?!!)",16,20,468.73,323.44,0.659,384,100,"vietnam, retired, retire, american, youre",-0.043,-0.017,0.005,-0.073
utEnwV1WFlw,I'm 45. If you're in your 30s watch this:,16,20,463.98,233.31,0.668,384,100,"vietnam, retired, retire, american, youre",-0.044,-0.051,-0.011,-0.047
ZukIfM7Yy_8,40 Year Olds Share Advice for Younger Self,16,20,552.88,440.79,0.669,384,100,"vietnam, retired, retire, american, youre",-0.013,0.028,0.034,-0.06
pkVuSc8BH4w,Retired veteran leaves South Carolina for Thailand - Inside his $1200 month condo,16,20,515.58,451.49,0.691,384,100,"vietnam, retired, retire, american, youre",-0.026,0.032,0.03,-0.085
coaTPhfwp8Q,This Simple Sauna Mistake Increases Dementia Risk ‚Äî Dr. Rhonda Patrick,16,20,542.59,443.18,0.704,384,100,"vietnam, retired, retire, american, youre",-0.017,0.029,0.026,0.039
k7PV_Mb2_6U,Why Am I Always Unhappy: It Took Me 40 Years to Figure Out,16,20,529.19,483.83,0.72,384,100,"vietnam, retired, retire, american, youre",-0.022,0.044,0.042,0.053
aOW_HslF5ko,"THIS Is The Fastest Way To Get Dementia‚Ä¶ |  The Brain Doctor, Dr Ann Mckee",16,20,434.32,508.48,0.731,384,100,"vietnam, retired, retire, american, youre",-0.055,0.054,0.021,0.02
Exc7nqVF9pU,How I Got My American Accent,16,20,535.39,441.63,0.741,384,100,"vietnam, retired, retire, american, youre",-0.019,0.028,0.035,-0.051
b7ND_Ulmodo,Zii Jia forced to retire in China Masters opener,16,20,363.5,335.03,0.802,384,100,"vietnam, retired, retire, american, youre",-0.08,-0.012,-0.017,0
GQT3XKBgBeg,The Weirdest Things Happened on My Last Day in North Korea üá∞üáµ,17,25,612.33,534.12,0.584,384,100,"happened, russia, travel, day, sabah",0.008,0.063,0.075,-0.033
GsorY2ZRvEA,"I Ate NO Food for 7 Days, Here‚Äôs What Happened",17,25,481.88,462.65,0.636,384,100,"happened, russia, travel, day, sabah",-0.038,0.036,0.016,0
6ky_N5IVr0o,Solo Travel Ruined Me,17,25,749.98,295.65,0.643,384,100,"happened, russia, travel, day, sabah",0.056,-0.027,0.061,0.017
ol344FNugO0,My Pattaya Addiction: Losing Myself in Paradise,17,25,674.46,234.08,0.643,384,100,"happened, russia, travel, day, sabah",0.029,-0.051,0.007,-0.001
NrxytZ8tShk,I Was Drugged in Colombia and Survived | Travel Story üá®üá¥,17,25,635.49,361.24,0.647,384,100,"happened, russia, travel, day, sabah",0.016,-0.002,0.075,0.041
ber7uX5-X5c,I Got KICKED OUT Of My PENTHOUSE! üò≠,17,25,598.72,339.27,0.648,384,100,"happened, russia, travel, day, sabah",0.003,-0.011,0.048,-0.011
R251gLGHW6I,We‚Äôve Been LIED to About Russia‚Ä¶ This City SHOCKED Me üá∑üá∫,17,25,683.66,339.88,0.66,384,100,"happened, russia, travel, day, sabah",0.032,-0.01,0.017,0.023
SHKtS32yAUs,I Tried Bodybuilding In Iceland- Not What I Expected!,17,25,623.59,493.74,0.674,384,100,"happened, russia, travel, day, sabah",0.011,0.048,0.016,0.072
7QOkItoFStk,I Was Ready To Quit Everything After One Week Here,17,25,529.49,381.56,0.678,384,100,"happened, russia, travel, day, sabah",-0.021,0.005,0.041,-0.026
V5WPIQ3iloY,The Sith Lord's Worst Day Ever,17,25,574.12,517.05,0.682,384,100,"happened, russia, travel, day, sabah",-0.006,0.057,0.03,0.043
GMaclKDQ2KQ,Our Last Day As A Restaurant: What Made Us Give Up After 11 Years - Singapore F&B Woes,17,25,562.22,425.34,0.701,384,100,"happened, russia, travel, day, sabah",-0.01,0.022,-0.011,-0.033
drEfteACl-E,Apes Freaked Out When I Spoke Their Language,17,25,695.7,520.49,0.703,384,100,"happened, russia, travel, day, sabah",0.037,0.058,-0.01,0.015
ZXheY9-62yU,I got EVO ICL Eye Surgery - Here's What Happened,17,25,576.93,393.57,0.703,384,100,"happened, russia, travel, day, sabah",-0.005,0.01,0.034,-0.02
h-S0Lo6Xlr4,Thieves HATE This Travel Gear (Zero Thefts in 10 Years Abroad),17,25,555.04,438.19,0.704,384,100,"happened, russia, travel, day, sabah",-0.013,0.027,0.013,-0.025
a8zMNbPEwaY,When You're Friend Gets Back From Burning Man,17,25,329.53,465.32,0.707,384,100,"happened, russia, travel, day, sabah",-0.091,0.037,0.023,0.003
2XOD4b5uwfg,The Worst Mount Everest Deaths in Human History,17,25,485.64,484.22,0.707,384,100,"happened, russia, travel, day, sabah",-0.037,0.044,0.06,0.058
YLLUeedhJEg,A Single Woman and 32 Men Stranded on an Island - The Queen of Anatahan,17,25,597.95,538.7,0.721,384,100,"happened, russia, travel, day, sabah",0.002,0.065,-0.022,0.002
Kj6_pLA5txw,"""American Veteran In Russia Alone at Night | AM I SAFE?",17,25,658,388.18,0.735,384,100,"happened, russia, travel, day, sabah",0.023,0.008,-0.007,0.006
-iWNeXQxqQI,"Sabah floods: 2,897 victims sheltering at relief centres",17,25,617.82,539.48,0.763,384,100,"happened, russia, travel, day, sabah",0.009,0.066,-0.024,-0.011
DWeoD0CIsY0,Sabah death toll climbs to 13,17,25,596.76,469.33,0.77,384,100,"happened, russia, travel, day, sabah",0.002,0.039,0.033,-0.043
7VUTZ1nIYvw,Chappie destroys Hugh Jackman then walks out like a G,17,25,349.81,299.32,0.776,384,100,"happened, russia, travel, day, sabah",-0.084,-0.026,-0.017,0.028
9XSrqB6lkxQ,"Mother, son among eight arrested in MACC's Op Rentas",17,25,606.32,424.54,0.779,384,100,"happened, russia, travel, day, sabah",0.005,0.022,-0.04,-0.046
bUJiunuepSg,Russia Deploys ISKANDERS in Kaliningrad... Poland PREPARES for WAR,17,25,608.99,356.96,0.787,384,100,"happened, russia, travel, day, sabah",0.006,-0.004,0.023,0
cmR7s-rFSZc,Rosmah fails in appeal to recuse judge in solar project trial,17,25,478.17,440.86,0.814,384,100,"happened, russia, travel, day, sabah",-0.039,0.028,-0.06,0.009
qr44EJ7cIGU,Poachers nabbed with dead tiger in car,17,25,538.33,487.33,0.822,384,100,"happened, russia, travel, day, sabah",-0.018,0.046,0.028,-0.004
Y8I9XjnOTGU,‚ë¢ Interesting English classes in Japan. Especially the second half is hilarious.,18,14,522.14,313.14,0.565,384,100,"part, korean, experience, ramazan, north",-0.024,-0.021,0.012,-0.042
-kgUlwXX60Y,I Was Selected for North Korea‚Äôs Pleasure Squad: My Experience (Part 1),18,14,507.18,647.41,0.57,384,100,"part, korean, experience, ramazan, north",-0.029,0.107,0.083,-0.079
Iu-zzra-CTU,üá∏üá¨üá∞üá∑Yishun Dam‚ÄìSingapore‚Äôs Hidden Gem? A Korean Family‚Äôs Off-the-Beaten-Path Experience [SG2EP8],18,14,635.05,472.9,0.592,384,100,"part, korean, experience, ramazan, north",0.015,0.04,0.04,-0.051
h82EOIfqr-A,Ladyboy Chinni‚Äôs First Time in Europe üá©üá™,18,14,545.24,457.37,0.611,384,100,"part, korean, experience, ramazan, north",-0.016,0.034,0.026,-0.048
jmOL3AjDStw,RAMAZAN HOCA'dan GEN√áLERE TAVSƒ∞YELER! RAMAZAN HOCA ƒ∞LE YEMEK SOHBETƒ∞Mƒ∞Z!,18,14,585.12,588.38,0.612,384,100,"part, korean, experience, ramazan, north",-0.002,0.084,0.003,-0.026
RtW93DTMrGM,"North Korea's Secret ""Pleasure Squad"" Parties",18,14,480.56,561.49,0.643,384,100,"part, korean, experience, ramazan, north",-0.039,0.074,0.067,-0.068
PH88IXWBqco,Duo Youtuber Mana Yang Paling Kompak ?,18,14,455.23,451.51,0.644,384,100,"part, korean, experience, ramazan, north",-0.047,0.032,0.032,-0.072
P-I4Bay5SXo,THE HISTORY OF THE PHILIPPINES in 12 minutes (OLD VIDEO),18,14,472.7,521.29,0.654,384,100,"part, korean, experience, ramazan, north",-0.041,0.059,0.085,-0.074
G0bLWbc4MCE,Family Guy - Quagmire's Korean Lifestyle,18,14,516.33,613.56,0.658,384,100,"part, korean, experience, ramazan, north",-0.026,0.094,0.048,-0.112
XccrldrqTFU,"Lagu Kebangsaan Wilayah Persekutuan  ""Maju dan Sejahtera""",18,14,563.48,511.03,0.674,384,100,"part, korean, experience, ramazan, north",-0.01,0.055,0.019,-0.046
zj2YHoB9Wh0,Harassing Russian Girls Until I'm Fluent In Russian,18,14,554.57,307.16,0.694,384,100,"part, korean, experience, ramazan, north",-0.013,-0.023,0.04,-0.014
ELJf83TelA0,Merry Christmas Mr. Lawrence - From Ryuichi Sakamoto: Playing the Piano 2022,18,14,344,290.49,0.703,384,100,"part, korean, experience, ramazan, north",-0.086,-0.029,0.022,-0.063
LYs_nTnjp-k,How A $6B Noodle Brand From Indonesia Became Nigeria‚Äôs National Dish | The Blueprint,18,14,572.15,454.92,0.743,384,100,"part, korean, experience, ramazan, north",-0.007,0.033,-0.002,-0.094
uJjqSfdFuUI,"War and Peace, Part Two | BASED ON LEO TOLSTOY NOVEL | FULL MOVIE",18,14,424.96,492.47,0.755,384,100,"part, korean, experience, ramazan, north",-0.058,0.048,-0.019,-0.051
IAN_jLnD_Q8,All or Nothing at All,19,7,434.47,376.09,0.536,384,100,"nothing, dexter, israel, wont, strike",-0.055,0.003,-0.025,-0.035
fFIdCUKSs-w,All Or Nothing At All,19,7,434.47,376.09,0.536,384,100,"nothing, dexter, israel, wont, strike",-0.055,0.003,-0.025,-0.035
fxHjlCBHuzA,Bye Bye Bye,19,7,563.62,249.61,0.565,384,100,"nothing, dexter, israel, wont, strike",-0.01,-0.045,0.024,-0.036
xJW76gHBhX4,Smack Yo',19,7,367.35,208.78,0.61,384,100,"nothing, dexter, israel, wont, strike",-0.078,-0.06,0.041,-0.027
DYwQy_9JPtQ,Can't Take My Eyes off You,19,7,557.89,320.15,0.674,384,100,"nothing, dexter, israel, wont, strike",-0.012,-0.018,0.01,0.006
VSVDenUugVQ,Dexter Kills Trinity üî™ Dexter,19,7,439.38,356.22,0.697,384,100,"nothing, dexter, israel, wont, strike",-0.053,-0.004,0.046,-0.031
9cUtYWhK3pI,"Israel won't strike Qatar again, urges US",19,7,472.24,580.37,0.786,384,100,"nothing, dexter, israel, wont, strike",-0.042,0.081,0.002,0.048
X8gs0sjvEXc,"üéß SUMMER AFRO HOUSE Sunset Mix (Adam Port, Avicii, The Weeknd, Coldplay Style) - Summer Vibes #50",20,36,298.77,269.04,0.531,384,100,"jazz, music, official, video, 1940s",-0.102,-0.037,0.003,-0.027
hI8A14Qcv68,Nas - N.Y. State of Mind (Official Audio),20,36,390.19,295.67,0.576,384,100,"jazz, music, official, video, 1940s",-0.07,-0.027,0.044,-0.062
Nk4gNDPgv_c,White Rabbit | Matrix Resurrections (Extended Remix),20,36,223.33,122.06,0.585,384,100,"jazz, music, official, video, 1940s",-0.129,-0.093,0.033,0.027
ukbiRcyzrpc,21 Savage - redrum (Official Audio),20,36,179.68,225.99,0.589,384,100,"jazz, music, official, video, 1940s",-0.144,-0.054,0,-0.049
U5yFoeAaG8Q,EAZY-E - Real Muthaphuckkin' G's (EXPLICIT VERSION),20,36,413.91,351.27,0.601,384,100,"jazz, music, official, video, 1940s",-0.062,-0.006,0.023,0.013
6ONRf7h3Mdk,Travis Scott - SICKO MODE ft. Drake,20,36,423.99,366.51,0.604,384,100,"jazz, music, official, video, 1940s",-0.058,0,0.036,-0.026
spwU1Xh3p3Y,21 SAVAGE - LEGACY II 21 Minutes Best of 21 Savage Music,20,36,100,293.03,0.606,384,100,"jazz, music, official, video, 1940s",-0.172,-0.028,0.002,-0.044
EDwb9jOVRtU,Madonna - Hung Up (Official Video) [HD],20,36,417.01,389.55,0.616,384,100,"jazz, music, official, video, 1940s",-0.061,0.008,0.042,-0.067
7W2PCPDrULM,pov: you come back to your childhood (relaxing zelda music & rain),20,36,418.39,357.36,0.616,384,100,"jazz, music, official, video, 1940s",-0.06,-0.004,0.083,-0.022
omddYFfk9Ng,"Kendrick Lamar - Money Trees ft. Jay Rock [good kid, m.A.A.d city]",20,36,416.25,177.83,0.618,384,100,"jazz, music, official, video, 1940s",-0.061,-0.072,0.008,-0.061
QmDCRMsyORk,Chillout Productivity Music | Relaxing Beats for Deep Work & Study Flow in a Cozy Den,20,36,425.09,328.54,0.629,384,100,"jazz, music, official, video, 1940s",-0.058,-0.015,0.033,-0.038
R0IUR4gkPIE,Wu-Tang Clan - Protect Ya Neck (Official HD Video),20,36,259.72,297.19,0.632,384,100,"jazz, music, official, video, 1940s",-0.116,-0.027,0.007,-0.01
Kbj2Zss-5GY,A$AP Rocky - Praise The Lord (Da Shine) (Official Video) ft. Skepta,20,36,404.71,368.9,0.643,384,100,"jazz, music, official, video, 1940s",-0.065,0.001,0.028,-0.045
q9OAoyoTAYY,1940's Vintage Swing Jazz -  Smooth Jazz Relaxing Music for Focus,20,36,478.11,251.08,0.647,384,100,"jazz, music, official, video, 1940s",-0.039,-0.044,-0.029,-0.042
W7FfCJb8JZQ,Busta Rhymes - Break Ya Neck (Official Video),20,36,438.45,199.41,0.648,384,100,"jazz, music, official, video, 1940s",-0.053,-0.064,0.073,-0.022
ZrP3_5wxGkU,Cafe De Anatolia - Best Arabic Deep House & Around The World & Arabic Remix [Music DJ Mix 2025],20,36,405.52,314.3,0.649,384,100,"jazz, music, official, video, 1940s",-0.065,-0.02,0.063,0
qQzdAsjWGPg,My Way (2008 Remastered),20,36,475.47,100,0.65,384,100,"jazz, music, official, video, 1940s",-0.04,-0.102,0.079,-0.035
-uxi6_5cFqw,WoW Lofi Beats To Chill To | Waiting for BlizzCon,20,36,295.18,338.14,0.652,384,100,"jazz, music, official, video, 1940s",-0.104,-0.011,0.041,-0.015
H4tyzzP33Cw,Italy 4K - Scenic Relaxation Film With Inspiring Music,20,36,535.16,428.56,0.654,384,100,"jazz, music, official, video, 1940s",-0.02,0.023,0.029,-0.024
ZERB_Pu-5s8,Frank Sinatra‚Äôs Ultimate 1-Hour Playlist ‚Äì Timeless Classics That Never Get Old,20,36,386.78,332.43,0.654,384,100,"jazz, music, official, video, 1940s",-0.071,-0.013,0.057,-0.051
9bZaqJvvdds,FRANK SINATRA Mix Of Most Popular Songs NO ADS,20,36,392.29,248.77,0.657,384,100,"jazz, music, official, video, 1940s",-0.07,-0.045,-0.013,-0.064
dHBulKUTyOE,Frank Sinatra - All Or Nothing At All (1982),20,36,293.64,366.71,0.667,384,100,"jazz, music, official, video, 1940s",-0.104,0,-0.016,-0.021
zEWjHSvNnI0,I've Got You Under My Skin (Remastered 1998),20,36,349.29,258.59,0.674,384,100,"jazz, music, official, video, 1940s",-0.085,-0.041,0.096,0.002
c286wPSZQIE,Vintage Jazz Lounge ‚Äì 1940s New York Bar Jazz to Relax & Unwind,20,36,569.9,261.09,0.679,384,100,"jazz, music, official, video, 1940s",-0.007,-0.04,0.029,-0.026
MffS1sH0kBQ,"I WANT for a HAPPY ENDING - Ep. 7 - No, We‚Äôll Call You: Season Two [Web Series]",20,36,349.84,366.23,0.68,384,100,"jazz, music, official, video, 1940s",-0.084,0,0.024,-0.048
pfx4r7_WdP8,"Relaxing Jazz in Corner Coffee Shop For Happy Morning | Great Jazz Music For Calm, Focus & Relax",20,36,477.55,255.27,0.681,384,100,"jazz, music, official, video, 1940s",-0.04,-0.043,0.02,0.028
PIU07K_28ck,Eazy E - Boyz-n-the-Hood (Music Video),20,36,442.42,445.33,0.685,384,100,"jazz, music, official, video, 1940s",-0.052,0.03,0.004,-0.035
OJ0Eg9kT3QM,MadeOn YouTube 2025 | Creator Roundup,20,36,325.54,365.79,0.686,384,100,"jazz, music, official, video, 1940s",-0.093,-0.001,0.021,-0.066
IPv7eTsmhsM,üî•Vietnam Nightlife - Little Japan Tourüî•Ho Chi Minh Saigon 4K - June 26,20,36,520.87,302.47,0.686,384,100,"jazz, music, official, video, 1940s",-0.025,-0.025,0.037,-0.048
K7NEaqredGQ,Samchem Medley -   Famous Jewish Music -  jewish song,20,36,577.04,347.88,0.687,384,100,"jazz, music, official, video, 1940s",-0.005,-0.007,-0.015,-0.046
-BeExIeFBOs,Cozy Autumn Coffee Shop Ambience - Vintage 1940's Slow Jazz,20,36,478.67,294.4,0.688,384,100,"jazz, music, official, video, 1940s",-0.039,-0.028,0.004,0.019
1xHSueJS-oM,Villa-Lobos - Bachianas Brasileiras No.5 - performed by Andrew and Ben Keeling ,20,36,643.27,347.1,0.69,384,100,"jazz, music, official, video, 1940s",0.018,-0.008,0.1,-0.045
7Yb7QDEc4rw,1940's Retro Jazz | Vintage Jazz 1,20,36,515.46,290.38,0.692,384,100,"jazz, music, official, video, 1940s",-0.026,-0.029,-0.008,-0.051
725VY54Scfk,Energy Project - Jump 2 Dance,20,36,438.01,343.01,0.707,384,100,"jazz, music, official, video, 1940s",-0.054,-0.009,0.009,-0.023
ENSFSYqqfOk,Rivkele - Rebeka Yiddish Tango,20,36,485.76,393.58,0.722,384,100,"jazz, music, official, video, 1940s",-0.037,0.01,0.018,-0.005
OAjEWGpTRQk,Santo Ros√°rio | 40 Dias com S√£o Miguel Arcanjo 2025 | 03:40 | 19/09 | 32¬∞ Dia | Live Ao vivo,20,36,521.75,364.33,0.754,384,100,"jazz, music, official, video, 1940s",-0.024,-0.001,0.041,-0.008
B3MEPUFeC1s,Live Like a King in Bangkok: Luxury Living in Thailand üáπüá≠,21,19,578.64,492.94,0.5,384,100,"bangkok, thailand, tour, thai, living",-0.004,0.048,0.083,0.008
SKHl-pRCMw0,Bangkok Guide for First Timers (save MONEY & TIME!),21,19,485.07,272.51,0.551,384,100,"bangkok, thailand, tour, thai, living",-0.037,-0.036,0.07,0.014
H1e_fHgd3HA,3 Condos in 1 Day | Our Bangkok Dream Condo Search - Part 3,21,19,583.32,224.24,0.579,384,100,"bangkok, thailand, tour, thai, living",-0.003,-0.054,0.036,0.071
y4sgtcbKMdo,Being a ladyboy in Thailand,21,19,676.26,444.07,0.59,384,100,"bangkok, thailand, tour, thai, living",0.03,0.029,0.097,-0.04
T9VjpV5hhMs,UNA NOTTE NEL QUARTIERE TRANS DI BANGKOK üáπüá≠,21,19,513.39,346.12,0.613,384,100,"bangkok, thailand, tour, thai, living",-0.027,-0.008,0.05,0.026
4oN3PUzkwTM,This walk with Brit in Bangkok changed my view of Thailand,21,19,529.54,349.87,0.615,384,100,"bangkok, thailand, tour, thai, living",-0.021,-0.007,0.113,0.007
0VQPXVokxKk,Touring Thailand‚Äôs Most Luxurious Penthouse ‚Äì Scope Thonglor Tour,21,19,599.51,413.28,0.615,384,100,"bangkok, thailand, tour, thai, living",0.003,0.017,0.069,-0.014
66WVPuZxnWQ,Bangkok's Newest Mall + Rooftop: Central Bangkok,21,19,475.31,239.06,0.62,384,100,"bangkok, thailand, tour, thai, living",-0.04,-0.049,0.053,0.007
ju7NBnxcukk,Thai Massage Words Every Expat Should Know,21,19,649.4,344.85,0.625,384,100,"bangkok, thailand, tour, thai, living",0.02,-0.009,0.079,0.031
KzdR3kWQRh4,BANGKOK This Is Really Happening | Don't Plan & Do What You Can | Be Positive #livelovethailand,21,19,617.98,329.17,0.626,384,100,"bangkok, thailand, tour, thai, living",0.009,-0.015,0.018,0.015
r2yRWePLfMM,How Much Is RICH In Thailand? Let's Ask Thai Girls,21,19,565.19,241.59,0.637,384,100,"bangkok, thailand, tour, thai, living",-0.009,-0.048,0.034,-0.068
e4krj1HcVt0,$500‚Äì$650 Bangkok Condos Tour | Knightbridge Prime On Nut vs Aspire Sukhumvit,21,19,517.38,198.49,0.638,384,100,"bangkok, thailand, tour, thai, living",-0.026,-0.064,0.018,0.022
O0lbuV2PGdE,Is This KL‚Äôs Best Condo? üèôÔ∏è Inside ParkPlace @ Desa ParkCity!,21,19,491.22,194.95,0.639,384,100,"bangkok, thailand, tour, thai, living",-0.035,-0.066,0.039,-0.03
xUBxTQIvFMo,Is KUALA LUMPUR the Most Underrated City in Southeast Asia? Our Honest First Impressions,21,19,464.09,285.18,0.64,384,100,"bangkok, thailand, tour, thai, living",-0.044,-0.031,0.07,-0.06
vNpRJQHoc44,How Do Expats Feel About Living In Singapore? | Street Interview,21,19,674.37,446.25,0.682,384,100,"bangkok, thailand, tour, thai, living",0.029,0.03,0.067,-0.03
xrm22Lb8xAQ,"üî•RAE LIL BLACK on Living in Bangkok, Dating Life, Movie Career & More | One Night in Bangkok Ep. 026",21,19,521.05,312.27,0.698,384,100,"bangkok, thailand, tour, thai, living",-0.024,-0.021,0.041,-0.05
fOkzYlc3Dq0,Why Hiring a Tour Guide in the Philippines is your Best Choice!,21,19,565.83,356.9,0.699,384,100,"bangkok, thailand, tour, thai, living",-0.009,-0.004,0.11,-0.062
jdWgap_5VRg,Bangla Road | Thai TakeAway | Patong Beach ‚Äì Phuket 4K Full Tour,21,19,583.45,357.7,0.713,384,100,"bangkok, thailand, tour, thai, living",-0.003,-0.004,-0.001,-0.063
aG73lCM8RII,"What‚Äôs it like to grow up and live in Lisbon, Portugal? | Young and European",21,19,648.81,413.07,0.775,384,100,"bangkok, thailand, tour, thai, living",0.02,0.017,0.064,0.01
maako3FhPCg,How Marketers Create Billion Dollar Trends,22,11,634.9,500.74,0.583,384,100,"ai, job, world, crypto, singapores",0.015,0.051,-0.035,-0.04
p_kF_SDB0-c,"How AI is changing the job market - What in the World podcast, BBC World Service",22,11,515.62,397.03,0.584,384,100,"ai, job, world, crypto, singapores",-0.026,0.011,-0.006,-0.03
mbbG0RSkpFw,LinkedIn Co-Founder Opens Up on the Reality of AI Job Loss | EP #194,22,11,431.37,438.6,0.595,384,100,"ai, job, world, crypto, singapores",-0.056,0.027,-0.047,-0.037
p5grOUgs_io,Tech Industry Is Cooked So What Now,22,11,626.08,399.21,0.606,384,100,"ai, job, world, crypto, singapores",0.012,0.012,0.004,-0.072
5tP7QksbJVQ,"Singapore‚Äôs multi-millionaire on China, America and AI",22,11,555.14,569.67,0.627,384,100,"ai, job, world, crypto, singapores",-0.013,0.077,0.011,-0.087
1hYAD0TaWOs,‚ÄùHe Would Spend $5 Million In Clubs!‚Äù Reaction To Absence Of Crypto Millionaires In Miami Night Life,22,11,533.71,401.04,0.634,384,100,"ai, job, world, crypto, singapores",-0.02,0.013,-0.031,-0.032
g3QLUChcXoU,"""There's A Playbook!"" - Charlie Kirk on How to Get RICH",22,11,517.2,415.46,0.645,384,100,"ai, job, world, crypto, singapores",-0.026,0.018,-0.025,-0.042
epL2dh1MN7A,Apple CEO Tim Cook: Tariffs are a motivating factor for any business right now,22,11,528.65,477.19,0.655,384,100,"ai, job, world, crypto, singapores",-0.022,0.042,-0.02,-0.05
-cG7ZCTdHcE,Peter Boockvar Reveals Opportunities Despite Muddy Macro Environment,22,11,492.94,431.35,0.677,384,100,"ai, job, world, crypto, singapores",-0.034,0.024,-0.048,-0.05
jXFt9Saargg,eBay & Etsy Just Got CRUSHED By Trump...And It‚Äôs GREAT News For YOU,22,11,683.58,379.35,0.683,384,100,"ai, job, world, crypto, singapores",0.032,0.005,0.077,-0.002
4au8FGg3Qvg,"New Crypto Bill Will ‚ÄúUnleash Chaos,‚Äù Warns Economist | Amanpour and Company",22,11,443.74,267.86,0.701,384,100,"ai, job, world, crypto, singapores",-0.052,-0.038,-0.075,0.042
E9Lw8f6qPFU,69 Bangkok Truths I Wish I Knew Sooner (Avoid Scams!),23,17,530.62,251.48,0.509,384,100,"avoid, scams, wish, knew, asia",-0.021,-0.044,0.046,0.032
PciRGU5d_SI,21 Things I Wish I Knew Before Visiting Thailand üáπüá≠,23,17,464.87,263.23,0.526,384,100,"avoid, scams, wish, knew, asia",-0.044,-0.04,0.087,0.004
9bK0Lr9ZL30,15 Worst Bangkok Nightlife Mistakes - Where to Go & What You Need to Avoid (Complete Guide),23,17,602.39,210.35,0.561,384,100,"avoid, scams, wish, knew, asia",0.004,-0.06,0.034,0.03
efDOVVDy0iA,17 things I wish I knew before visiting CHINA üá®üá≥,23,17,503.9,347.44,0.57,384,100,"avoid, scams, wish, knew, asia",-0.03,-0.008,0.075,0.018
D2A-Jf_u9V4,First Hour In BANGKOK - 15 Worst Mistakes To Avoid,23,17,550.54,261.17,0.577,384,100,"avoid, scams, wish, knew, asia",-0.014,-0.04,0.058,0.009
aBh4vNLJnqw,Surviving Your First Night in Pattaya: A Degenerate‚Äôs Guide,23,17,574.42,415.07,0.579,384,100,"avoid, scams, wish, knew, asia",-0.006,0.018,0.028,-0.013
tMXksOIY6NU,7-Eleven Survival Phrases Every Expat Should Know,23,17,470.15,372.11,0.616,384,100,"avoid, scams, wish, knew, asia",-0.042,0.002,0.075,-0.022
etET7VV1NPw,5 Scams that will ruin your trip to VIETNAM,23,17,541.6,354.62,0.635,384,100,"avoid, scams, wish, knew, asia",-0.017,-0.005,0.028,-0.031
gkFRfuU4p7g,Avoid These 9 Tourist SCAMS In Italy!,23,17,606.43,408.2,0.655,384,100,"avoid, scams, wish, knew, asia",0.005,0.016,-0.004,0.018
A39tJc4A27A,5 Reasons You Should Solo Travel In Your 20s,23,17,644.28,175.57,0.655,384,100,"avoid, scams, wish, knew, asia",0.019,-0.073,0.032,-0.015
dhMkQFmpjHs,üá≤üáæ| 3rd MOST DANGEROUS City In SOUTH EAST ASIA - Street Interviews in KL,23,17,582.71,303.75,0.656,384,100,"avoid, scams, wish, knew, asia",-0.003,-0.024,0.008,-0.026
9dT8PF5N_Uc,The Dark Sides of Munich's Oktoberfest and How to Avoid Them,23,17,579.59,425.03,0.663,384,100,"avoid, scams, wish, knew, asia",-0.004,0.022,-0.023,0.026
oBddOOGsZts,10 BEST Small Towns & Cities to Retire in Asia Right Now!,23,17,458.56,228.31,0.664,384,100,"avoid, scams, wish, knew, asia",-0.046,-0.053,0.02,-0.008
Ag6PWVF9RWk,üá≤üáæ Kuala Lumpur 1:00 AM Nightlife District | Best Nightlife In Asia,23,17,486.72,318.13,0.683,384,100,"avoid, scams, wish, knew, asia",-0.036,-0.019,0.094,-0.049
D5Wakv3hRwc,Don‚Äôt go clubbing East Berlin this fall.,23,17,731.8,416.41,0.722,384,100,"avoid, scams, wish, knew, asia",0.049,0.019,0.03,0.039
WiXHj2nYy1o,Why so many famous Berlin clubs are closing | DW News,23,17,757.63,379.31,0.749,384,100,"avoid, scams, wish, knew, asia",0.058,0.005,0.058,-0.023
rdTo0m2_zhU,Samin Nosrat's Favorite Places to Eat in San Francisco | Where the Chefs Eat | Cond√© Nast Traveler,23,17,767.46,388.89,0.75,384,100,"avoid, scams, wish, knew, asia",0.062,0.008,-0.01,-0.028
o6PF8ifRUt8,Scientifically proven ways to increase penile length? A Urologist Explains,24,9,536.73,489.07,0.472,384,100,"increase, testosterone, semen, urologist, explains",-0.019,0.046,0.054,0.005
GZqpJ9mXZ88,My Secret To Better Erections,24,9,615.49,415.5,0.532,384,100,"increase, testosterone, semen, urologist, explains",0.009,0.018,0.054,0.003
lef5duf6ylQ,How to increase Testosterone | Boost Testosterone Naturally!,24,9,664.74,520.84,0.534,384,100,"increase, testosterone, semen, urologist, explains",0.026,0.058,0.04,0.014
uI0S9xRs6j8,"Increasing Testosterone Naturally, Urine Color and Prostate Massage | AMA",24,9,640.14,408.02,0.538,384,100,"increase, testosterone, semen, urologist, explains",0.017,0.015,0.057,-0.002
JOfEKv3tEl4,Urologist explains can you INCREASE your semen VOLUME?! | Shooters vs. Dribblers?!,24,9,530.59,375.1,0.554,384,100,"increase, testosterone, semen, urologist, explains",-0.021,0.003,0.059,-0.019
eoqRWHZkS0c,Why Some Guys Build Muscle 3x Faster (How You Can Too),24,9,488.98,409.15,0.56,384,100,"increase, testosterone, semen, urologist, explains",-0.036,0.016,0.008,0.025
Y9gfaSZbWVY,Tantric Sex & Semen Retention explained by a Monk & Harvard Psychiatrist | Dr. K,24,9,493.66,684.28,0.592,384,100,"increase, testosterone, semen, urologist, explains",-0.034,0.121,-0.009,-0.016
Sy8DooSNIf8,How sexual selection works in evolution | Dave Hone and Lex Fridman,24,9,408.2,464.75,0.63,384,100,"increase, testosterone, semen, urologist, explains",-0.064,0.037,-0.018,0.002
z5DyFpXmRis,When Should You Say You Have A Boyfriend?,24,9,620.62,453.15,0.792,384,100,"increase, testosterone, semen, urologist, explains",0.01,0.033,0.046,-0.04
L-9BYcc6--A,I Retired At 39 And Live On $185K A Year In Dubai,25,11,558.45,343.46,0.505,384,100,"dubai, retired, digital, nomads, bali",-0.011,-0.009,0.005,-0.047
9nY3e_d5hWU,"No Risk, No Reward!  Investing For Passive Income. Kuta Beach Bali Indonesia Travel.  Retired Expat",25,11,588.8,347.87,0.517,384,100,"dubai, retired, digital, nomads, bali",-0.001,-0.007,-0.061,-0.031
EHA_ZniLFv4,Where I would retire today on $1000 month overseas,25,11,501.18,312.2,0.557,384,100,"dubai, retired, digital, nomads, bali",-0.031,-0.021,0.017,-0.03
XOy82NUYBUQ,The Best 0% Tax Strategy for Digital Nomads in 2025,25,11,500.99,363.96,0.573,384,100,"dubai, retired, digital, nomads, bali",-0.031,-0.001,0.019,-0.032
fUqx_d6DG2g,Dubai Residency Made Easy: 2-Year Investor vs. 10-Year Golden Visa (2025 Guide),25,11,523.87,405.38,0.584,384,100,"dubai, retired, digital, nomads, bali",-0.023,0.014,-0.006,-0.021
kUbZmTWXQp8,"Asking Digital Nomads What They Do For A Living (Bali, Indonesia)",25,11,626.52,490.98,0.613,384,100,"dubai, retired, digital, nomads, bali",0.012,0.047,0.027,-0.065
NauQ6h76X8s,I Left The U.S. For Thailand ‚Äî Look Inside My $544/Month Apartment,25,11,581.89,231.76,0.616,384,100,"dubai, retired, digital, nomads, bali",-0.003,-0.052,0.047,-0.014
XZG-HGw6xXs,$500K Passport TRAP ‚Äì Turkey Just RUG PULLED Investors,25,11,670.7,368.37,0.65,384,100,"dubai, retired, digital, nomads, bali",0.028,0,-0.035,-0.026
laRliIVNZgU,I quit being an influencer & built a $250K/month app,25,11,574.36,370.21,0.659,384,100,"dubai, retired, digital, nomads, bali",-0.006,0.001,0,-0.051
c_jXAsD2wis,I Lived in Dubai in the SUMMER - How Bad Is it? üá¶üá™,25,11,605.17,314.84,0.685,384,100,"dubai, retired, digital, nomads, bali",0.005,-0.02,0.025,0.023
bYECQDRqv54,Why Wealthy People Pay Less Taxes Legally,25,11,437.97,458.65,0.702,384,100,"dubai, retired, digital, nomads, bali",-0.054,0.035,-0.045,-0.026
RCiYflGi0oM,TUA 177 - How Smart Men Maximize Personal Freedom While Dating,26,12,423.83,546.07,0.548,384,100,"card, women, sex, men, personal",-0.058,0.068,-0.009,-0.048
YCR-r0D5_JE,Machiavelli's Hacks to Control Any Woman (Dark Psychology),26,12,512.06,469.84,0.555,384,100,"card, women, sex, men, personal",-0.028,0.039,0.01,0.071
CIV6Yv6OWGM,I was a North Korean Spy: Training in Seduction and Espionage Tactics,26,12,495.65,624.06,0.578,384,100,"card, women, sex, men, personal",-0.033,0.098,0.077,-0.062
tI-0ieWghxQ,"What I Learned Approaching 10,000 Women",26,12,635.8,407.55,0.591,384,100,"card, women, sex, men, personal",0.016,0.015,0.011,-0.006
SD0pHXMDhiM,What Being a Personal Trainer Taught Me About Women,26,12,598.19,393.48,0.593,384,100,"card, women, sex, men, personal",0.003,0.01,0.009,0.029
8zYBmsP6fes,New York State Prisons: How to Avoid Rape in Prison - Men's Orientation,26,12,659.1,467.35,0.654,384,100,"card, women, sex, men, personal",0.024,0.038,0.006,0.011
aYIPT2kF-uQ,LEARN An EASY CARD TRICK To Fool ANYONE!,26,12,431.1,460.19,0.666,384,100,"card, women, sex, men, personal",-0.056,0.035,0.025,0.098
QCaFWrT0j-g,Sex Expert (Esther Perel): The Relationship Crisis No One Talks About That's Killing Your Sex Life!,26,12,588.75,578.84,0.67,384,100,"card, women, sex, men, personal",-0.001,0.081,0.015,-0.016
wSF82AwSDiU,The great porn experiment | Gary Wilson | TEDxGlasgow,26,12,634.9,542.15,0.673,384,100,"card, women, sex, men, personal",0.015,0.067,-0.042,-0.022
_Wbw5UfTeNg,More Extraordinary Card Magic of Jason Ladanye: Catch Me if You Can,26,12,369.07,358.53,0.69,384,100,"card, women, sex, men, personal",-0.078,-0.003,-0.014,0.022
kLBHUC90UFg,‚ÄúOf Boys and Men:‚Äù Why the Modern Male Is Struggling | Amanpour and Company,26,12,680.85,615.58,0.696,384,100,"card, women, sex, men, personal",0.031,0.095,0.006,0.005
2T5c5REOlyM,This Is Why People Fear The Mossad | Former CIA Officer John Kiriakou,26,12,576.86,434.67,0.727,384,100,"card, women, sex, men, personal",-0.005,0.026,0.005,0.016
RpgOKUO_SyI,Google‚Äôs War on Scaled AI Content: The Rise and Fall of AInvest,27,27,437.15,285.05,0.455,384,100,"ai, robots, google, build, future",-0.054,-0.031,-0.007,-0.039
OXOypK7_90c,Codex and the future of coding with AI ‚Äî the OpenAI Podcast Ep. 6,27,27,407.4,341.41,0.49,384,100,"ai, robots, google, build, future",-0.064,-0.01,0.009,-0.048
CryzVKWAjzE,Dan Niles: Microsoft‚Äôs AI Edge & Hidden Risks For Tech This Fall,27,27,403.76,355.11,0.505,384,100,"ai, robots, google, build, future",-0.065,-0.005,0.005,0.024
biwwQw0248w,Is AI Killing the Economy? (Anthropic Report),27,27,491.9,338.47,0.514,384,100,"ai, robots, google, build, future",-0.035,-0.011,0.018,0.022
BcvjGTxzK40,The Future of AI and SaaS is Agentic Experiences (Here's How to Build Them),27,27,518.49,424.44,0.514,384,100,"ai, robots, google, build, future",-0.025,0.022,0.015,-0.052
_L1JbzDnEMk,5 Signs the AI Bubble is Bursting,27,27,392.9,287.77,0.522,384,100,"ai, robots, google, build, future",-0.069,-0.03,0.033,0.01
Jm7o5oJIJUQ,OpenAI‚Äôs New GPT-5 Codex Model ‚Äî First Impressions,27,27,526.21,344.03,0.534,384,100,"ai, robots, google, build, future",-0.023,-0.009,0.038,-0.029
UJo_MiMA7qE,$1.5B AI Founder: This Is Your Golden Age to Build With AI,27,27,437.87,285.05,0.535,384,100,"ai, robots, google, build, future",-0.054,-0.031,0.022,-0.017
Eys5oQabMF8,"Forget AI, The Robots Are Coming!",27,27,510.27,312.12,0.566,384,100,"ai, robots, google, build, future",-0.028,-0.021,0.019,-0.003
Ju0ndy2kwlw,I built an AI supercomputer with 5 Mac Studios,27,27,427.31,324.87,0.567,384,100,"ai, robots, google, build, future",-0.057,-0.016,0.007,-0.053
KRWQTF0iAdM,GitHub's Free Tool Ends AI Coding Chaos (Demo Inside),27,27,361.54,236.21,0.57,384,100,"ai, robots, google, build, future",-0.08,-0.05,0.017,-0.001
m7tsa_5LFwQ,"Yuval Noah Harari on Israel, AI, and the future of humanity",27,27,413.81,433.38,0.578,384,100,"ai, robots, google, build, future",-0.062,0.025,-0.01,-0.048
EnbfoFUFm2s,How AI Could Generate New Life-Forms | Eric Nguyen | TED,27,27,309.65,375.04,0.584,384,100,"ai, robots, google, build, future",-0.098,0.003,0.037,-0.015
EwBfI0LUNBU,Every Paid AI - Now FREE & UNLIMITED (100% Legal),27,27,359.92,313.35,0.588,384,100,"ai, robots, google, build, future",-0.081,-0.021,0.011,-0.016
sDZ1j0J-fe8,Demis Hassabis: The CEO Working to Solve Cancer With AI,27,27,408.08,491.54,0.588,384,100,"ai, robots, google, build, future",-0.064,0.047,0.032,-0.011
qeZqZBRA-6Q,"Elon Musk on DOGE, Optimus, Starlink Smartphones, Evolving with AI, Why the West is Imploding",27,27,437.12,330.23,0.588,384,100,"ai, robots, google, build, future",-0.054,-0.014,0.033,0.006
VgTNN50ki1w,"AI NEWS: GPT-5 Launch Date, Face Stealing Apps & Baby Grok",27,27,509.54,366.98,0.589,384,100,"ai, robots, google, build, future",-0.028,0,0.054,-0.032
8s6nGMcyr7k,Google launches AI money,27,27,535.82,300.72,0.608,384,100,"ai, robots, google, build, future",-0.019,-0.025,0.023,-0.027
48pxVdmkMIE,Fully autonomous robots are much closer than you think ‚Äì Sergey Levine,27,27,595.52,220.38,0.611,384,100,"ai, robots, google, build, future",0.002,-0.056,0.036,-0.071
FASMejN_5gs,"Neuralink Update, Summer 2025",27,27,398.33,171.34,0.614,384,100,"ai, robots, google, build, future",-0.067,-0.075,0.043,-0.024
BnXDMET-b74,"AI News: Claude Takes Over Office, ByteDance Goes After Google",27,27,353.31,413.43,0.619,384,100,"ai, robots, google, build, future",-0.083,0.018,-0.037,-0.045
nhai8z-2D0M,Could Artificial Intelligent Robots Hurt Humans,27,27,438.29,313.87,0.63,384,100,"ai, robots, google, build, future",-0.053,-0.02,0.034,0.022
grc0YSEdUQY,How To Build Web Apps using V0 + Claude AI + Cursor AI,27,27,316.81,405.59,0.636,384,100,"ai, robots, google, build, future",-0.096,0.015,-0.05,-0.051
z_bX3runikk,Matthew McConaughey's Concerns Over AI,27,27,657.45,384.87,0.638,384,100,"ai, robots, google, build, future",0.023,0.007,0.043,-0.017
Z_ASSaa1bxQ,"Entity SEO, Parasite Hacks & Google Patches - with Jesper Nissen",27,27,550.36,345.92,0.641,384,100,"ai, robots, google, build, future",-0.014,-0.008,0.042,-0.034
YDGHN3meMW8,EXPOSED: Google‚Äôs SECRET Ranking Signals (Antitrust Court Docs - BIP638,27,27,439.94,205.42,0.65,384,100,"ai, robots, google, build, future",-0.053,-0.062,-0.03,-0.02
51VI8DZGGag,China showcases advanced humanoid robots at 2025 World Robot Conference in Beijing,27,27,431.53,211.19,0.701,384,100,"ai, robots, google, build, future",-0.056,-0.059,0.057,-0.011
j7hGd5KYzeg,Sex Worker Interview‚ù§Ô∏èThe Realities of the Job in Japan,28,20,600.96,501.22,0.486,384,100,"japan, sex, japanese, foreigners, women",0.004,0.051,0.021,-0.019
jfTLkLYyqW8,Hiring an Escort in Japan,28,20,590.84,375.89,0.567,384,100,"japan, sex, japanese, foreigners, women",0,0.003,0.028,-0.062
cjsAG4cBTuU,I Rented a Japanese Girlfriend in Tokyo üáØüáµ,28,20,580.56,402.17,0.582,384,100,"japan, sex, japanese, foreigners, women",-0.004,0.013,0.038,-0.009
B3exT9GyN3w,Medellin: Inside the sex tourism capital of Colombia,28,20,716.27,425.36,0.625,384,100,"japan, sex, japanese, foreigners, women",0.044,0.022,0.046,-0.016
b22jxhg0OVo,How much Do Japanese Girls Cheat?,28,20,584.66,317.03,0.636,384,100,"japan, sex, japanese, foreigners, women",-0.002,-0.019,0.026,-0.055
r1ZLGqL1FMo,Why Japan Arrests Foreigners,28,20,564.22,430.72,0.637,384,100,"japan, sex, japanese, foreigners, women",-0.009,0.024,0.01,-0.054
HMsbA6Tp0A8,Why It Sucks to Be a Brothel Boy (in Qing Dynasty),28,20,575.69,446.11,0.64,384,100,"japan, sex, japanese, foreigners, women",-0.005,0.03,0.083,0.035
6fl43W7hA0A,Thai Transgender (Ladyboy) Prostitute interview-Ellen,28,20,638.01,570.35,0.649,384,100,"japan, sex, japanese, foreigners, women",0.016,0.077,0.08,-0.025
q9IRmUEsz6g,Rent-a-sister: Coaxing Japan‚Äôs hikikomori men out of their bedrooms - BBC News,28,20,604.71,488.86,0.658,384,100,"japan, sex, japanese, foreigners, women",0.005,0.046,-0.036,-0.035
jyJJmMSnqdM,"Sex, drugs, money and murder in Thailand‚Äôs Monkhood | Foreign Correspondent",28,20,559.21,484.81,0.664,384,100,"japan, sex, japanese, foreigners, women",-0.011,0.045,0.02,-0.049
AKoP9Qy61RE,How Much Do Foreigners Really Earn in Japan? | Foreigners‚Äô Real Income in Japan,28,20,638.73,252.47,0.664,384,100,"japan, sex, japanese, foreigners, women",0.017,-0.044,-0.012,-0.045
CWnv0Z9couA,She Reveals Tokyo‚Äôs Underground Nightlife Secrets,28,20,633.6,405.18,0.67,384,100,"japan, sex, japanese, foreigners, women",0.015,0.014,0.055,-0.003
koBxBzgb_ns,"Born in Japan, but Too Tall for Everything",28,20,474.36,436.2,0.677,384,100,"japan, sex, japanese, foreigners, women",-0.041,0.026,0.066,-0.02
Wf6acPNt4EE,Japanese Women or Singaporean Women? You‚Äôll Be Shocked Who Wins,28,20,538.49,547.37,0.678,384,100,"japan, sex, japanese, foreigners, women",-0.018,0.069,-0.043,0.009
mirwU4VbFsY,STDs in Thailand Part 2 - More Things You Need to Know,28,20,658.84,293.03,0.68,384,100,"japan, sex, japanese, foreigners, women",0.024,-0.028,0.078,-0.009
1eVSfYaOzq0,"Belgium revolutionises status of sex workers, but not everyone is happy ‚Ä¢ FRANCE 24 English",28,20,608.49,652.37,0.713,384,100,"japan, sex, japanese, foreigners, women",0.006,0.109,-0.008,0.024
aAXOC3P0Knw,Virgins for sale in Colombia in 'world's biggest brothel',28,20,900,439.21,0.735,384,100,"japan, sex, japanese, foreigners, women",0.108,0.027,0.06,0.03
jO4OA0p7960,Why is Korea the plastic surgery Capital of the World?,28,20,777.55,461.83,0.738,384,100,"japan, sex, japanese, foreigners, women",0.065,0.036,0.126,-0.016
LRyLl-gTwL4,Why were the Japanese So Brutal In WWII?,28,20,457.12,397.38,0.759,384,100,"japan, sex, japanese, foreigners, women",-0.047,0.011,-0.001,-0.001
m12cgvH1R9w,The children groomed in Romania for the UK sex trade- BBC News,28,20,602.24,478.81,0.768,384,100,"japan, sex, japanese, foreigners, women",0.004,0.042,0.021,-0.023
8dsrupkoE38,I Dated a Chinese Girl in Shanghai üá®üá≥,29,16,480.02,406.87,0.482,384,100,"chinese, girls, dating, woman, women",-0.039,0.015,0.034,0.019
x7v0yizjtFY,Would Chinese Girls Date Foreigners? Real Answers,29,16,450.28,427.15,0.485,384,100,"chinese, girls, dating, woman, women",-0.049,0.023,0.05,-0.009
X_ZemzVZqdc,üá®üá≥ Foreigners BEWARE: The Dangers of DATING IN CHINA!,29,16,621.43,427.66,0.494,384,100,"chinese, girls, dating, woman, women",0.011,0.023,0.008,0.027
86X4HzGbfYQ,Tips on Attracting a Chinese Woman,29,16,509.69,505.27,0.498,384,100,"chinese, girls, dating, woman, women",-0.028,0.053,-0.008,-0.006
PSPYXSaaw-c,DATING ADVICE: How to pick up Chinese girls (DATING ADVICE FOR GUYS),29,16,501.46,485.06,0.498,384,100,"chinese, girls, dating, woman, women",-0.031,0.045,0.033,-0.019
J9K2VfzwqqA,You Know You're Dating a Chinese Woman When...,29,16,455.66,495.37,0.504,384,100,"chinese, girls, dating, woman, women",-0.047,0.049,-0.008,0.018
w1AcETE7Ofo,Chinese Girls' True Opinions on Splitting the Bill on Dates,29,16,462.93,303.92,0.588,384,100,"chinese, girls, dating, woman, women",-0.045,-0.024,0.014,0.002
rVtVufxc7PY,Foreigners SHOCKED By EAGER Asian Women,29,16,737.12,521.72,0.597,384,100,"chinese, girls, dating, woman, women",0.051,0.059,0.007,0.016
6_oMAqPIEhM,Tips on Attracting a Japanese Woman,29,16,503.63,462.21,0.607,384,100,"chinese, girls, dating, woman, women",-0.031,0.036,-0.011,-0.027
POgOuJGwZ_E,Foreigner DELETES Apps to Date REAL Chinese Girls,29,16,581.09,534.89,0.607,384,100,"chinese, girls, dating, woman, women",-0.003,0.064,0.092,-0.061
fosfL0uK7hI,Why Men are Attracted to Asian Women| Elite Asian Matchmaker Ep 3,29,16,508.54,470.1,0.616,384,100,"chinese, girls, dating, woman, women",-0.029,0.039,-0.017,0.002
E9Jxd76jYi0,China's Mistress Village Is Crazy,29,16,595.77,479.34,0.685,384,100,"chinese, girls, dating, woman, women",0.002,0.043,-0.014,0.036
dleZ1EaHgog,How to set up and use Alipay as a foreigner in China,29,16,558.02,324.42,0.707,384,100,"chinese, girls, dating, woman, women",-0.012,-0.016,0.028,0.01
x3-m49IpNI8,French Girl Waited 55 Years for a Chinese Boy - Married Him at 83 Finally,29,16,411.61,603.31,0.744,384,100,"chinese, girls, dating, woman, women",-0.063,0.09,-0.005,-0.051
J1kDegLdAAo,"When The British Exchanged Nails For ""Favors"" From Tahitian Women",29,16,427.49,485.45,0.751,384,100,"chinese, girls, dating, woman, women",-0.057,0.045,0.002,-0.024
DBr-r-ZnRR8,German Proposes to Jewish Girlfriend on Stage | Mario Adrion | Standup Comedy,29,16,525.4,700,0.771,384,100,"chinese, girls, dating, woman, women",-0.023,0.127,-0.041,-0.003